gen,min,max,mean,median,std,num_invalid,time,best_individual
0,-85933.0,-15899.0,-33128.66000000003,-31916.0,7477.8,90092,11.31425666809082,"[3, 4, 11, 17, 10, 2, 15, 10, 10, 1, 12, 17, 1, 14, 9, 14, 4, 14, 14, 9, 14, 17, 13, 19, 8, 20, 2, 13, 18, 4, 8, 13, 8, 10, 15, 1, 5, 18, 11, 12, 11, 7, 1, 7, 12, 6, 6, 5, 3, 6, 19, 20, 4, 12]"
1,-88428.0,-14411.0,-32134.77000000002,-30918.0,7048.59,90121,11.148123264312744,"[10, 16, 13, 3, 5, 13, 15, 13, 7, 6, 6, 20, 14, 4, 9, 19, 6, 8, 9, 20, 1, 12, 17, 4, 2, 11, 14, 6, 13, 1, 20, 16, 15, 7, 3, 12, 8, 16, 14, 10, 5, 17, 13, 18, 6, 17, 8, 7, 19, 1, 18, 15, 18, 19]"
2,-76421.0,-14411.0,-31383.189999999944,-30410.0,6754.57,89957,11.307166576385498,"[10, 16, 13, 3, 5, 13, 15, 13, 7, 6, 6, 20, 14, 4, 9, 19, 6, 8, 9, 20, 1, 12, 17, 4, 2, 11, 14, 6, 13, 1, 20, 16, 15, 7, 3, 12, 8, 16, 14, 10, 5, 17, 13, 18, 6, 17, 8, 7, 19, 1, 18, 15, 18, 19]"
3,-73931.0,-14411.0,-30555.290000000037,-29417.0,6414.61,90107,11.049638271331787,"[10, 16, 13, 3, 5, 13, 15, 13, 7, 6, 6, 20, 14, 4, 9, 19, 6, 8, 9, 20, 1, 12, 17, 4, 2, 11, 14, 6, 13, 1, 20, 16, 15, 7, 3, 12, 8, 16, 14, 10, 5, 17, 13, 18, 6, 17, 8, 7, 19, 1, 18, 15, 18, 19]"
4,-75425.0,-14411.0,-29858.910000000033,-28911.0,6105.16,89996,11.503054857254028,"[10, 16, 13, 3, 5, 13, 15, 13, 7, 6, 6, 20, 14, 4, 9, 19, 6, 8, 9, 20, 1, 12, 17, 4, 2, 11, 14, 6, 13, 1, 20, 16, 15, 7, 3, 12, 8, 16, 14, 10, 5, 17, 13, 18, 6, 17, 8, 7, 19, 1, 18, 15, 18, 19]"
5,-70922.0,-14400.0,-29346.040000000037,-28412.0,5931.95,90033,11.484375715255737,"[4, 6, 6, 5, 14, 9, 8, 16, 11, 20, 15, 7, 6, 11, 9, 14, 4, 5, 17, 2, 1, 5, 14, 20, 5, 18, 18, 13, 2, 12, 2, 3, 5, 8, 11, 12, 11, 20, 7, 19, 11, 12, 10, 18, 5, 18, 6, 4, 9, 17, 18, 19, 17, 12]"
6,-67931.0,-14400.0,-28801.050000000047,-27912.0,5676.15,90110,11.31934928894043,"[4, 6, 6, 5, 14, 9, 8, 16, 11, 20, 15, 7, 6, 11, 9, 14, 4, 5, 17, 2, 1, 5, 14, 20, 5, 18, 18, 13, 2, 12, 2, 3, 5, 8, 11, 12, 11, 20, 7, 19, 11, 12, 10, 18, 5, 18, 6, 4, 9, 17, 18, 19, 17, 12]"
7,-67920.0,-13407.0,-28316.97999999998,-27413.0,5508.4,90118,11.432260274887085,"[18, 14, 17, 2, 2, 14, 3, 20, 18, 6, 12, 8, 10, 11, 6, 1, 2, 6, 12, 17, 10, 9, 17, 3, 1, 14, 1, 2, 3, 12, 17, 2, 8, 18, 16, 3, 13, 2, 17, 9, 10, 11, 16, 5, 7, 18, 19, 18, 19, 8, 7, 18, 7, 19]"
8,-66421.0,-12913.0,-27897.849999999977,-26916.0,5367.33,90227,11.645171165466309,"[8, 7, 9, 20, 9, 3, 8, 19, 9, 3, 14, 2, 4, 14, 16, 10, 9, 19, 1, 3, 2, 10, 9, 9, 2, 18, 10, 17, 11, 19, 3, 2, 4, 3, 12, 7, 17, 5, 13, 1, 2, 16, 19, 6, 5, 2, 3, 14, 2, 9, 19, 11, 1, 12]"
9,-64918.0,-12913.0,-27561.060000000056,-26899.5,5286.78,90241,11.47763466835022,"[8, 7, 9, 20, 9, 3, 8, 19, 9, 3, 14, 2, 4, 14, 16, 10, 9, 19, 1, 3, 2, 10, 9, 9, 2, 18, 10, 17, 11, 19, 3, 2, 4, 3, 12, 7, 17, 5, 13, 1, 2, 16, 19, 6, 5, 2, 3, 14, 2, 9, 19, 11, 1, 12]"
10,-66921.0,-11917.0,-27241.880000000005,-26414.0,5187.27,90149,11.580304622650146,"[11, 18, 17, 7, 10, 3, 8, 19, 9, 3, 14, 2, 4, 14, 16, 10, 9, 19, 1, 3, 2, 10, 9, 9, 2, 18, 10, 17, 11, 19, 3, 2, 4, 3, 12, 7, 17, 5, 13, 1, 2, 16, 19, 17, 19, 18, 3, 2, 19, 7, 7, 6, 13, 2]"
11,-65425.0,-11917.0,-26993.599999999977,-26404.0,5120.63,90027,11.485831499099731,"[11, 18, 17, 7, 10, 3, 8, 19, 9, 3, 14, 2, 4, 14, 16, 10, 9, 19, 1, 3, 2, 10, 9, 9, 2, 18, 10, 17, 11, 19, 3, 2, 4, 3, 12, 7, 17, 5, 13, 1, 2, 16, 19, 17, 19, 18, 3, 2, 19, 7, 7, 6, 13, 2]"
12,-61925.0,-11917.0,-26741.26000000001,-25915.0,5090.36,90002,11.368031740188599,"[11, 18, 17, 7, 10, 3, 8, 19, 9, 3, 14, 2, 4, 14, 16, 10, 9, 19, 1, 3, 2, 10, 9, 9, 2, 18, 10, 17, 11, 19, 3, 2, 4, 3, 12, 7, 17, 5, 13, 1, 2, 16, 19, 17, 19, 18, 3, 2, 19, 7, 7, 6, 13, 2]"
13,-71929.0,-11401.0,-26460.530000000028,-25906.0,5024.31,90236,11.631958246231079,"[18, 10, 20, 2, 10, 20, 14, 10, 1, 14, 7, 13, 11, 2, 19, 19, 18, 16, 15, 6, 6, 10, 7, 16, 3, 4, 14, 6, 6, 17, 6, 19, 1, 14, 11, 2, 6, 13, 10, 2, 10, 1, 19, 11, 2, 17, 17, 18, 3, 12, 9, 18, 5, 13]"
14,-69929.0,-11401.0,-26379.959999999963,-25418.0,5077.82,90093,11.410611867904663,"[18, 10, 20, 2, 10, 20, 14, 10, 1, 14, 7, 13, 11, 2, 19, 19, 18, 16, 15, 6, 6, 10, 7, 16, 3, 4, 14, 6, 6, 17, 6, 19, 1, 14, 11, 2, 6, 13, 10, 2, 10, 1, 19, 11, 2, 17, 17, 18, 3, 12, 9, 18, 5, 13]"
15,-65414.0,-11401.0,-26257.949999999953,-25415.0,5116.04,90311,11.612333059310913,"[18, 10, 20, 2, 10, 20, 14, 10, 1, 14, 7, 13, 11, 2, 19, 19, 18, 16, 15, 6, 6, 10, 7, 16, 3, 4, 14, 6, 6, 17, 6, 19, 1, 14, 11, 2, 6, 13, 10, 2, 10, 1, 19, 11, 2, 17, 17, 18, 3, 12, 9, 18, 5, 13]"
16,-60418.0,-11401.0,-26086.459999999963,-25411.0,5070.97,89936,11.58953070640564,"[18, 10, 20, 2, 10, 20, 14, 10, 1, 14, 7, 13, 11, 2, 19, 19, 18, 16, 15, 6, 6, 10, 7, 16, 3, 4, 14, 6, 6, 17, 6, 19, 1, 14, 11, 2, 6, 13, 10, 2, 10, 1, 19, 11, 2, 17, 17, 18, 3, 12, 9, 18, 5, 13]"
17,-64429.0,-11401.0,-25821.51000000001,-24918.0,4991.26,90225,11.424285411834717,"[18, 10, 20, 2, 10, 20, 14, 10, 1, 14, 7, 13, 11, 2, 19, 19, 18, 16, 15, 6, 6, 10, 7, 16, 3, 4, 14, 6, 6, 17, 6, 19, 1, 14, 11, 2, 6, 13, 10, 2, 10, 1, 19, 11, 2, 17, 17, 18, 3, 12, 9, 18, 5, 13]"
18,-62425.0,-11401.0,-25678.18000000005,-24914.0,4993.26,90174,11.681765794754028,"[18, 10, 20, 2, 10, 20, 14, 10, 1, 14, 7, 13, 11, 2, 19, 19, 18, 16, 15, 6, 6, 10, 7, 16, 3, 4, 14, 6, 6, 17, 6, 19, 1, 14, 11, 2, 6, 13, 10, 2, 10, 1, 19, 11, 2, 17, 17, 18, 3, 12, 9, 18, 5, 13]"
19,-73918.0,-10907.0,-25489.160000000033,-24909.0,4978.74,90047,11.451334953308105,"[10, 20, 10, 3, 3, 9, 2, 10, 7, 8, 10, 14, 16, 15, 2, 6, 5, 6, 15, 19, 6, 18, 17, 3, 11, 20, 2, 9, 3, 4, 13, 5, 8, 18, 11, 1, 18, 9, 2, 15, 19, 20, 9, 2, 15, 8, 15, 5, 11, 17, 7, 20, 14, 13]"
20,-66416.0,-10898.0,-25484.859999999986,-24907.0,5059.79,90118,11.63887906074524,"[3, 13, 9, 20, 11, 2, 3, 14, 10, 18, 17, 1, 20, 9, 19, 2, 16, 6, 15, 5, 6, 11, 12, 4, 14, 9, 14, 1, 18, 20, 7, 8, 20, 11, 15, 10, 15, 19, 5, 13, 15, 1, 16, 19, 17, 14, 13, 2, 19, 9, 17, 4, 1, 2]"
21,-65424.0,-10898.0,-25380.540000000037,-24419.0,5090.62,90258,11.630743265151978,"[3, 13, 9, 20, 11, 2, 3, 14, 10, 18, 17, 1, 20, 9, 19, 2, 16, 6, 15, 5, 6, 11, 12, 4, 14, 9, 14, 1, 18, 20, 7, 8, 20, 11, 15, 10, 15, 19, 5, 13, 15, 1, 16, 19, 17, 14, 13, 2, 19, 9, 17, 4, 1, 2]"
22,-60928.0,-10898.0,-25244.550000000047,-24414.0,5093.4,90119,11.412274837493896,"[3, 13, 9, 20, 11, 2, 3, 14, 10, 18, 17, 1, 20, 9, 19, 2, 16, 6, 15, 5, 6, 11, 12, 4, 14, 9, 14, 1, 18, 20, 7, 8, 20, 11, 15, 10, 15, 19, 5, 13, 15, 1, 16, 19, 17, 14, 13, 2, 19, 9, 17, 4, 1, 2]"
23,-61419.0,-10898.0,-25033.189999999944,-24410.0,5031.14,90310,11.547385692596436,"[3, 13, 9, 20, 11, 2, 3, 14, 10, 18, 17, 1, 20, 9, 19, 2, 16, 6, 15, 5, 6, 11, 12, 4, 14, 9, 14, 1, 18, 20, 7, 8, 20, 11, 15, 10, 15, 19, 5, 13, 15, 1, 16, 19, 17, 14, 13, 2, 19, 9, 17, 4, 1, 2]"
24,-60415.0,-10897.0,-24871.969999999972,-23921.0,4996.09,90107,11.65033483505249,"[6, 19, 8, 3, 9, 3, 8, 19, 9, 2, 1, 14, 4, 19, 5, 1, 9, 4, 14, 15, 6, 5, 18, 16, 8, 7, 10, 9, 13, 14, 20, 7, 2, 8, 18, 19, 6, 13, 19, 10, 5, 19, 11, 14, 13, 10, 18, 6, 7, 8, 5, 14, 3, 12]"
25,-64416.0,-10897.0,-24693.380000000005,-23915.0,4972.17,90043,11.57940149307251,"[6, 19, 8, 3, 9, 3, 8, 19, 9, 2, 1, 14, 4, 19, 5, 1, 9, 4, 14, 15, 6, 5, 18, 16, 8, 7, 10, 9, 13, 14, 20, 7, 2, 8, 18, 19, 6, 13, 19, 10, 5, 19, 11, 14, 13, 10, 18, 6, 7, 8, 5, 14, 3, 12]"
26,-65423.0,-10397.0,-24605.609999999986,-23912.0,5025.72,90116,11.606194257736206,"[6, 19, 8, 3, 9, 3, 8, 19, 9, 2, 1, 14, 4, 19, 5, 1, 9, 4, 14, 15, 6, 5, 18, 16, 8, 7, 10, 9, 13, 14, 20, 7, 2, 8, 18, 4, 5, 17, 1, 10, 5, 14, 11, 14, 13, 10, 18, 6, 7, 8, 5, 14, 3, 12]"
27,-72421.0,-9897.0,-24540.060000000056,-23910.0,5056.71,90045,11.60607647895813,"[8, 15, 3, 11, 9, 2, 2, 11, 14, 2, 10, 7, 14, 3, 14, 14, 6, 7, 5, 19, 6, 5, 18, 16, 5, 17, 10, 9, 13, 7, 15, 2, 3, 12, 12, 10, 6, 14, 9, 10, 1, 8, 19, 5, 17, 9, 4, 3, 1, 16, 10, 20, 1, 13]"
28,-65926.0,-9897.0,-24556.219999999972,-23909.0,5127.87,90221,11.503705263137817,"[8, 15, 3, 11, 9, 2, 2, 11, 14, 2, 10, 7, 14, 3, 14, 14, 6, 7, 5, 19, 6, 5, 18, 16, 5, 17, 10, 9, 13, 7, 15, 2, 3, 12, 12, 10, 6, 14, 9, 10, 1, 8, 19, 5, 17, 9, 4, 3, 1, 16, 10, 20, 1, 13]"
29,-66417.0,-9897.0,-24435.81999999995,-23899.0,5156.56,89913,11.697709083557129,"[8, 15, 3, 11, 9, 2, 2, 11, 14, 2, 10, 7, 14, 3, 14, 14, 6, 7, 5, 19, 6, 5, 18, 16, 5, 17, 10, 9, 13, 7, 15, 2, 3, 12, 12, 10, 6, 14, 9, 10, 1, 8, 19, 5, 17, 9, 4, 3, 1, 16, 10, 20, 1, 13]"
30,-64430.0,-9897.0,-24371.329999999958,-23418.0,5173.14,90045,11.463048219680786,"[8, 15, 3, 11, 9, 2, 2, 11, 14, 2, 10, 7, 14, 3, 14, 14, 6, 7, 5, 19, 6, 5, 18, 16, 5, 17, 10, 9, 13, 7, 15, 2, 3, 12, 12, 10, 6, 14, 9, 10, 1, 8, 19, 5, 17, 9, 4, 3, 1, 16, 10, 20, 1, 13]"
31,-68419.0,-9397.0,-24277.109999999986,-23416.0,5199.08,90290,11.761616468429565,"[18, 10, 20, 2, 10, 20, 17, 10, 1, 14, 7, 13, 11, 10, 19, 2, 16, 16, 15, 6, 6, 18, 17, 14, 3, 1, 5, 14, 10, 9, 6, 19, 1, 14, 11, 2, 6, 13, 10, 2, 10, 1, 19, 11, 2, 17, 17, 18, 3, 12, 9, 18, 5, 13]"
32,-65422.0,-9397.0,-24208.599999999977,-23413.0,5212.96,90241,11.594324827194214,"[18, 10, 20, 2, 10, 20, 17, 10, 1, 14, 7, 13, 11, 10, 19, 2, 16, 16, 15, 6, 6, 18, 17, 14, 3, 1, 5, 14, 10, 9, 6, 19, 1, 14, 11, 2, 6, 13, 10, 2, 10, 1, 19, 11, 2, 17, 17, 18, 3, 12, 9, 18, 5, 13]"
33,-61915.0,-9397.0,-24118.640000000014,-23411.0,5237.74,90162,11.44218897819519,"[18, 10, 20, 2, 10, 20, 17, 10, 1, 14, 7, 13, 11, 10, 19, 2, 16, 16, 15, 6, 6, 18, 17, 14, 3, 1, 5, 14, 10, 9, 6, 19, 1, 14, 11, 2, 6, 13, 10, 2, 10, 1, 19, 11, 2, 17, 17, 18, 3, 12, 9, 18, 5, 13]"
34,-73925.0,-9397.0,-23982.23999999999,-23407.0,5230.55,90108,11.711358308792114,"[18, 10, 20, 2, 10, 20, 17, 10, 1, 14, 7, 13, 11, 10, 19, 2, 16, 16, 15, 6, 6, 18, 17, 14, 3, 1, 5, 14, 10, 9, 6, 19, 1, 14, 11, 2, 6, 13, 10, 2, 10, 1, 19, 11, 2, 17, 17, 18, 3, 12, 9, 18, 5, 13]"
35,-65929.0,-8904.0,-23967.780000000028,-23404.0,5264.86,90087,11.433752059936523,"[14, 15, 12, 19, 13, 14, 8, 15, 9, 10, 10, 14, 16, 15, 2, 17, 6, 6, 3, 13, 6, 20, 9, 9, 2, 18, 10, 17, 11, 19, 3, 2, 4, 3, 12, 7, 17, 5, 13, 1, 2, 16, 19, 14, 1, 2, 18, 17, 13, 6, 19, 12, 13, 5]"
36,-59930.0,-8904.0,-23859.040000000037,-22917.0,5272.49,89936,11.578834056854248,"[14, 15, 12, 19, 13, 14, 8, 15, 9, 10, 10, 14, 16, 15, 2, 17, 6, 6, 3, 13, 6, 20, 9, 9, 2, 18, 10, 17, 11, 19, 3, 2, 4, 3, 12, 7, 17, 5, 13, 1, 2, 16, 19, 14, 1, 2, 18, 17, 13, 6, 19, 12, 13, 5]"
37,-66419.0,-8904.0,-23658.589999999967,-22912.0,5239.31,90061,11.561698198318481,"[14, 15, 12, 19, 13, 14, 8, 15, 9, 10, 10, 14, 16, 15, 2, 17, 6, 6, 3, 13, 6, 20, 9, 9, 2, 18, 10, 17, 11, 19, 3, 2, 4, 3, 12, 7, 17, 5, 13, 1, 2, 16, 19, 14, 1, 2, 18, 17, 13, 6, 19, 12, 13, 5]"
38,-59921.0,-8904.0,-23582.18000000005,-22910.0,5225.23,90086,11.490626811981201,"[14, 15, 12, 19, 13, 14, 8, 15, 9, 10, 10, 14, 16, 15, 2, 17, 6, 6, 3, 13, 6, 20, 9, 9, 2, 18, 10, 17, 11, 19, 3, 2, 4, 3, 12, 7, 17, 5, 13, 1, 2, 16, 19, 14, 1, 2, 18, 17, 13, 6, 19, 12, 13, 5]"
39,-65421.0,-8904.0,-23392.939999999944,-22421.0,5206.62,90119,11.65058970451355,"[14, 15, 12, 19, 13, 14, 8, 15, 9, 10, 10, 14, 16, 15, 2, 17, 6, 6, 3, 13, 6, 20, 9, 9, 2, 18, 10, 17, 11, 19, 3, 2, 4, 3, 12, 7, 17, 5, 13, 1, 2, 16, 19, 14, 1, 2, 18, 17, 13, 6, 19, 12, 13, 5]"
40,-64429.0,-8896.0,-23353.969999999972,-22417.0,5201.67,90307,11.587964534759521,"[2, 11, 3, 16, 15, 3, 6, 13, 14, 13, 1, 14, 4, 19, 5, 1, 9, 4, 14, 15, 6, 5, 18, 16, 8, 7, 10, 9, 13, 14, 12, 17, 15, 2, 6, 14, 10, 17, 5, 2, 7, 15, 19, 17, 6, 10, 18, 6, 18, 17, 14, 10, 1, 2]"
41,-63415.0,-7396.0,-23246.540000000037,-22414.0,5180.07,89802,11.52523398399353,"[18, 10, 20, 2, 10, 20, 14, 10, 1, 14, 7, 13, 10, 11, 6, 1, 13, 4, 14, 15, 6, 5, 18, 16, 8, 7, 10, 9, 13, 2, 19, 20, 3, 11, 11, 2, 6, 13, 10, 2, 10, 1, 19, 11, 2, 17, 17, 18, 3, 12, 9, 18, 5, 13]"
42,-59424.0,-7396.0,-23145.97999999998,-22412.0,5165.39,90089,11.63724422454834,"[18, 10, 20, 2, 10, 20, 14, 10, 1, 14, 7, 13, 10, 11, 6, 1, 13, 4, 14, 15, 6, 5, 18, 16, 8, 7, 10, 9, 13, 2, 19, 20, 3, 11, 11, 2, 6, 13, 10, 2, 10, 1, 19, 11, 2, 17, 17, 18, 3, 12, 9, 18, 5, 13]"
43,-63943.0,-7396.0,-23018.23999999999,-22408.0,5161.93,90064,11.511476993560791,"[18, 10, 20, 2, 10, 20, 14, 10, 1, 14, 7, 13, 10, 11, 6, 1, 13, 4, 14, 15, 6, 5, 18, 16, 8, 7, 10, 9, 13, 2, 19, 20, 3, 11, 11, 2, 6, 13, 10, 2, 10, 1, 19, 11, 2, 17, 17, 18, 3, 12, 9, 18, 5, 13]"
44,-60921.0,-7396.0,-22969.040000000037,-22406.0,5187.51,90421,11.63981580734253,"[18, 10, 20, 2, 10, 20, 14, 10, 1, 14, 7, 13, 10, 11, 6, 1, 13, 4, 14, 15, 6, 5, 18, 16, 8, 7, 10, 9, 13, 2, 19, 20, 3, 11, 11, 2, 6, 13, 10, 2, 10, 1, 19, 11, 2, 17, 17, 18, 3, 12, 9, 18, 5, 13]"
45,-70410.0,-7396.0,-22898.51000000001,-21920.0,5200.13,90077,11.704440593719482,"[18, 10, 20, 2, 10, 20, 14, 10, 1, 14, 7, 13, 10, 11, 6, 1, 13, 4, 14, 15, 6, 5, 18, 16, 8, 7, 10, 9, 13, 2, 19, 20, 3, 11, 11, 2, 6, 13, 10, 2, 10, 1, 19, 11, 2, 17, 17, 18, 3, 12, 9, 18, 5, 13]"
46,-66928.0,-7396.0,-22925.06999999995,-21921.0,5254.39,90256,11.56070876121521,"[18, 10, 20, 2, 10, 20, 14, 10, 1, 14, 7, 13, 10, 11, 6, 1, 13, 4, 14, 15, 6, 5, 18, 16, 8, 7, 10, 9, 13, 2, 19, 20, 3, 11, 11, 2, 6, 13, 10, 2, 10, 1, 19, 11, 2, 17, 17, 18, 3, 12, 9, 18, 5, 13]"
47,-65911.0,-7396.0,-22893.859999999986,-21917.0,5313.08,90282,11.586934328079224,"[18, 10, 20, 2, 10, 20, 14, 10, 1, 14, 7, 13, 10, 11, 6, 1, 13, 4, 14, 15, 6, 5, 18, 16, 8, 7, 10, 9, 13, 2, 19, 20, 3, 11, 11, 2, 6, 13, 10, 2, 10, 1, 19, 11, 2, 17, 17, 18, 3, 12, 9, 18, 5, 13]"
48,-63925.0,-7396.0,-22837.800000000047,-21915.0,5303.41,90035,11.561238765716553,"[18, 10, 20, 2, 10, 20, 14, 10, 1, 14, 7, 13, 10, 11, 6, 1, 13, 4, 14, 15, 6, 5, 18, 16, 8, 7, 10, 9, 13, 2, 19, 20, 3, 11, 11, 2, 6, 13, 10, 2, 10, 1, 19, 11, 2, 17, 17, 18, 3, 12, 9, 18, 5, 13]"
49,-63923.0,-7396.0,-22765.949999999953,-21913.0,5300.31,90172,11.551220417022705,"[18, 10, 20, 2, 10, 20, 14, 10, 1, 14, 7, 13, 10, 11, 6, 1, 13, 4, 14, 15, 6, 5, 18, 16, 8, 7, 10, 9, 13, 2, 19, 20, 3, 11, 11, 2, 6, 13, 10, 2, 10, 1, 19, 11, 2, 17, 17, 18, 3, 12, 9, 18, 5, 13]"
50,-62421.0,-7396.0,-22678.099999999977,-21911.0,5302.32,90197,11.735429763793945,"[18, 10, 20, 2, 10, 20, 14, 10, 1, 14, 7, 13, 10, 11, 6, 1, 13, 4, 14, 15, 6, 5, 18, 16, 8, 7, 10, 9, 13, 2, 19, 20, 3, 11, 11, 2, 6, 13, 10, 2, 10, 1, 19, 11, 2, 17, 17, 18, 3, 12, 9, 18, 5, 13]"
51,-64921.0,-7396.0,-22587.530000000028,-21909.0,5303.63,90088,11.555723667144775,"[18, 10, 20, 2, 10, 20, 14, 10, 1, 14, 7, 13, 10, 11, 6, 1, 13, 4, 14, 15, 6, 5, 18, 16, 8, 7, 10, 9, 13, 2, 19, 20, 3, 11, 11, 2, 6, 13, 10, 2, 10, 1, 19, 11, 2, 17, 17, 18, 3, 12, 9, 18, 5, 13]"
52,-63925.0,-7396.0,-22543.300000000047,-21907.0,5307.25,90372,11.604968547821045,"[18, 10, 20, 2, 10, 20, 14, 10, 1, 14, 7, 13, 10, 11, 6, 1, 13, 4, 14, 15, 6, 5, 18, 16, 8, 7, 10, 9, 13, 2, 19, 20, 3, 11, 11, 2, 6, 13, 10, 2, 10, 1, 19, 11, 2, 17, 17, 18, 3, 12, 9, 18, 5, 13]"
53,-59420.0,-7396.0,-22483.52000000002,-21904.0,5285.8,90065,11.601951837539673,"[18, 10, 20, 2, 10, 20, 14, 10, 1, 14, 7, 13, 10, 11, 6, 1, 13, 4, 14, 15, 6, 5, 18, 16, 8, 7, 10, 9, 13, 2, 19, 20, 3, 11, 11, 2, 6, 13, 10, 2, 10, 1, 19, 11, 2, 17, 17, 18, 3, 12, 9, 18, 5, 13]"
54,-60916.0,-7396.0,-22347.459999999963,-21417.0,5270.43,90313,11.496537923812866,"[18, 10, 20, 2, 10, 20, 14, 10, 1, 14, 7, 13, 10, 11, 6, 1, 13, 4, 14, 15, 6, 5, 18, 16, 8, 7, 10, 9, 13, 2, 19, 20, 3, 11, 11, 2, 6, 13, 10, 2, 10, 1, 19, 11, 2, 17, 17, 18, 3, 12, 9, 18, 5, 13]"
55,-64420.0,-7396.0,-22245.890000000014,-21413.0,5254.84,89954,11.66450023651123,"[18, 10, 20, 2, 10, 20, 14, 10, 1, 14, 7, 13, 10, 11, 6, 1, 13, 4, 14, 15, 6, 5, 18, 16, 8, 7, 10, 9, 13, 2, 19, 20, 3, 11, 11, 2, 6, 13, 10, 2, 10, 1, 19, 11, 2, 17, 17, 18, 3, 12, 9, 18, 5, 13]"
56,-67431.0,-7396.0,-22213.72999999998,-21412.0,5290.5,89951,11.533540487289429,"[18, 10, 20, 2, 10, 20, 14, 10, 1, 14, 7, 13, 10, 11, 6, 1, 13, 4, 14, 15, 6, 5, 18, 16, 8, 7, 10, 9, 13, 2, 19, 20, 3, 11, 11, 2, 6, 13, 10, 2, 10, 1, 19, 11, 2, 17, 17, 18, 3, 12, 9, 18, 5, 13]"
57,-60404.0,-7396.0,-22205.06999999995,-21411.0,5341.46,89764,11.565003633499146,"[18, 10, 20, 2, 10, 20, 14, 10, 1, 14, 7, 13, 10, 11, 6, 1, 13, 4, 14, 15, 6, 5, 18, 16, 8, 7, 10, 9, 13, 2, 19, 20, 3, 11, 11, 2, 6, 13, 10, 2, 10, 1, 19, 11, 2, 17, 17, 18, 3, 12, 9, 18, 5, 13]"
58,-59417.0,-7396.0,-22121.420000000042,-21409.0,5330.49,90082,11.649197816848755,"[18, 10, 20, 2, 10, 20, 14, 10, 1, 14, 7, 13, 10, 11, 6, 1, 13, 4, 14, 15, 6, 5, 18, 16, 8, 7, 10, 9, 13, 2, 19, 20, 3, 11, 11, 2, 6, 13, 10, 2, 10, 1, 19, 11, 2, 17, 17, 18, 3, 12, 9, 18, 5, 13]"
59,-62921.0,-7396.0,-22011.880000000005,-21407.0,5295.72,90056,11.519307374954224,"[18, 10, 20, 2, 10, 20, 14, 10, 1, 14, 7, 13, 10, 11, 6, 1, 13, 4, 14, 15, 6, 5, 18, 16, 8, 7, 10, 9, 13, 2, 19, 20, 3, 11, 11, 2, 6, 13, 10, 2, 10, 1, 19, 11, 2, 17, 17, 18, 3, 12, 9, 18, 5, 13]"
60,-65431.0,-7396.0,-21967.400000000023,-21404.0,5335.73,90311,11.705710887908936,"[18, 10, 20, 2, 10, 20, 14, 10, 1, 14, 7, 13, 10, 11, 6, 1, 13, 4, 14, 15, 6, 5, 18, 16, 8, 7, 10, 9, 13, 2, 19, 20, 3, 11, 11, 2, 6, 13, 10, 2, 10, 1, 19, 11, 2, 17, 17, 18, 3, 12, 9, 18, 5, 13]"
61,-68922.0,-7396.0,-21962.219999999972,-21399.0,5387.24,90018,11.54933500289917,"[18, 10, 20, 2, 10, 20, 14, 10, 1, 14, 7, 13, 10, 11, 6, 1, 13, 4, 14, 15, 6, 5, 18, 16, 8, 7, 10, 9, 13, 2, 19, 20, 3, 11, 11, 2, 6, 13, 10, 2, 10, 1, 19, 11, 2, 17, 17, 18, 3, 12, 9, 18, 5, 13]"
62,-58414.0,-6895.0,-21982.109999999986,-20921.0,5402.86,90040,11.610054731369019,"[18, 10, 14, 3, 3, 9, 14, 10, 1, 14, 7, 13, 10, 11, 6, 1, 13, 4, 14, 15, 6, 5, 18, 16, 8, 7, 10, 9, 13, 2, 19, 20, 3, 11, 11, 2, 6, 13, 10, 2, 10, 1, 19, 15, 17, 9, 17, 18, 3, 12, 9, 18, 5, 13]"
63,-67911.0,-6895.0,-21834.280000000028,-20915.0,5355.65,90177,11.661670923233032,"[18, 10, 14, 3, 3, 9, 14, 10, 1, 14, 7, 13, 10, 11, 6, 1, 13, 4, 14, 15, 6, 5, 18, 16, 8, 7, 10, 9, 13, 2, 19, 20, 3, 11, 11, 2, 6, 13, 10, 2, 10, 1, 19, 15, 17, 9, 17, 18, 3, 12, 9, 18, 5, 13]"
64,-60421.0,-6895.0,-21841.040000000037,-20914.0,5396.68,90192,11.477624893188477,"[18, 10, 14, 3, 3, 9, 14, 10, 1, 14, 7, 13, 10, 11, 6, 1, 13, 4, 14, 15, 6, 5, 18, 16, 8, 7, 10, 9, 13, 2, 19, 20, 3, 11, 11, 2, 6, 13, 10, 2, 10, 1, 19, 15, 17, 9, 17, 18, 3, 12, 9, 18, 5, 13]"
65,-68922.0,-6895.0,-21759.68000000005,-20912.0,5370.6,90019,11.611266374588013,"[18, 10, 14, 3, 3, 9, 14, 10, 1, 14, 7, 13, 10, 11, 6, 1, 13, 4, 14, 15, 6, 5, 18, 16, 8, 7, 10, 9, 13, 2, 19, 20, 3, 11, 11, 2, 6, 13, 10, 2, 10, 1, 19, 15, 17, 9, 17, 18, 3, 12, 9, 18, 5, 13]"
66,-62427.0,-6895.0,-21771.170000000042,-20912.0,5401.73,90014,11.722883462905884,"[18, 10, 14, 3, 3, 9, 14, 10, 1, 14, 7, 13, 10, 11, 6, 1, 13, 4, 14, 15, 6, 5, 18, 16, 8, 7, 10, 9, 13, 2, 19, 20, 3, 11, 11, 2, 6, 13, 10, 2, 10, 1, 19, 15, 17, 9, 17, 18, 3, 12, 9, 18, 5, 13]"
67,-59918.0,-6895.0,-21664.109999999986,-20910.0,5362.51,90035,11.483884811401367,"[18, 10, 14, 3, 3, 9, 14, 10, 1, 14, 7, 13, 10, 11, 6, 1, 13, 4, 14, 15, 6, 5, 18, 16, 8, 7, 10, 9, 13, 2, 19, 20, 3, 11, 11, 2, 6, 13, 10, 2, 10, 1, 19, 15, 17, 9, 17, 18, 3, 12, 9, 18, 5, 13]"
68,-65413.0,-6895.0,-21561.72999999998,-20906.0,5380.96,90191,11.63065505027771,"[18, 10, 14, 3, 3, 9, 14, 10, 1, 14, 7, 13, 10, 11, 6, 1, 13, 4, 14, 15, 6, 5, 18, 16, 8, 7, 10, 9, 13, 2, 19, 20, 3, 11, 11, 2, 6, 13, 10, 2, 10, 1, 19, 15, 17, 9, 17, 18, 3, 12, 9, 18, 5, 13]"
69,-66422.0,-6391.0,-21531.780000000028,-20905.0,5395.09,90110,11.66829252243042,"[2, 11, 3, 16, 15, 3, 13, 2, 9, 17, 10, 14, 11, 19, 5, 1, 9, 16, 14, 20, 6, 5, 18, 16, 8, 7, 10, 9, 13, 14, 20, 12, 8, 7, 19, 7, 6, 17, 1, 10, 5, 14, 11, 14, 13, 10, 18, 6, 18, 17, 14, 10, 1, 2]"
70,-60423.0,-6391.0,-21524.410000000033,-20905.0,5437.45,90232,11.51094913482666,"[2, 11, 3, 16, 15, 3, 13, 2, 9, 17, 10, 14, 11, 19, 5, 1, 9, 16, 14, 20, 6, 5, 18, 16, 8, 7, 10, 9, 13, 14, 20, 12, 8, 7, 19, 7, 6, 17, 1, 10, 5, 14, 11, 14, 13, 10, 18, 6, 18, 17, 14, 10, 1, 2]"
71,-65422.0,-5892.0,-21412.900000000023,-20418.0,5428.51,89936,11.681934118270874,"[2, 11, 17, 9, 14, 3, 8, 14, 13, 14, 1, 10, 14, 3, 5, 1, 9, 4, 14, 19, 18, 14, 9, 20, 8, 13, 10, 9, 13, 14, 12, 17, 15, 3, 12, 11, 6, 17, 1, 2, 7, 15, 19, 17, 6, 10, 18, 6, 18, 17, 10, 16, 1, 2]"
72,-60423.0,-5892.0,-21373.079999999958,-20416.0,5417.76,90085,11.529622077941895,"[2, 11, 17, 9, 14, 3, 8, 14, 13, 14, 1, 10, 14, 3, 5, 1, 9, 4, 14, 19, 18, 14, 9, 20, 8, 13, 10, 9, 13, 14, 12, 17, 15, 3, 12, 11, 6, 17, 1, 2, 7, 15, 19, 17, 6, 10, 18, 6, 18, 17, 10, 16, 1, 2]"
73,-73922.0,-5892.0,-21262.099999999977,-20412.0,5407.75,90089,11.576703548431396,"[2, 11, 17, 9, 14, 3, 8, 14, 13, 14, 1, 10, 14, 3, 5, 1, 9, 4, 14, 19, 18, 14, 9, 20, 8, 13, 10, 9, 13, 14, 12, 17, 15, 3, 12, 11, 6, 17, 1, 2, 7, 15, 19, 17, 6, 10, 18, 6, 18, 17, 10, 16, 1, 2]"
74,-56918.0,-5892.0,-21361.910000000033,-20413.0,5468.4,90019,11.843571424484253,"[2, 11, 17, 9, 14, 3, 8, 14, 13, 14, 1, 10, 14, 3, 5, 1, 9, 4, 14, 19, 18, 14, 9, 20, 8, 13, 10, 9, 13, 14, 12, 17, 15, 3, 12, 11, 6, 17, 1, 2, 7, 15, 19, 17, 6, 10, 18, 6, 18, 17, 10, 16, 1, 2]"
75,-64422.0,-5892.0,-21172.810000000056,-20410.0,5399.82,90088,11.478646755218506,"[2, 11, 17, 9, 14, 3, 8, 14, 13, 14, 1, 10, 14, 3, 5, 1, 9, 4, 14, 19, 18, 14, 9, 20, 8, 13, 10, 9, 13, 14, 12, 17, 15, 3, 12, 11, 6, 17, 1, 2, 7, 15, 19, 17, 6, 10, 18, 6, 18, 17, 10, 16, 1, 2]"
76,-69414.0,-5892.0,-21169.959999999963,-20409.0,5453.06,90066,11.701289415359497,"[2, 11, 17, 9, 14, 3, 8, 14, 13, 14, 1, 10, 14, 3, 5, 1, 9, 4, 14, 19, 18, 14, 9, 20, 8, 13, 10, 9, 13, 14, 12, 17, 15, 3, 12, 11, 6, 17, 1, 2, 7, 15, 19, 17, 6, 10, 18, 6, 18, 17, 10, 16, 1, 2]"
77,-63921.0,-5892.0,-21172.47999999998,-20409.0,5495.68,90169,11.605720520019531,"[2, 11, 17, 9, 14, 3, 8, 14, 13, 14, 1, 10, 14, 3, 5, 1, 9, 4, 14, 19, 18, 14, 9, 20, 8, 13, 10, 9, 13, 14, 12, 17, 15, 3, 12, 11, 6, 17, 1, 2, 7, 15, 19, 17, 6, 10, 18, 6, 18, 17, 10, 16, 1, 2]"
78,-66416.0,-5892.0,-21122.339999999967,-20407.0,5510.66,90051,11.64716911315918,"[2, 11, 17, 9, 14, 3, 8, 14, 13, 14, 1, 10, 14, 3, 5, 1, 9, 4, 14, 19, 18, 14, 9, 20, 8, 13, 10, 9, 13, 14, 12, 17, 15, 3, 12, 11, 6, 17, 1, 2, 7, 15, 19, 17, 6, 10, 18, 6, 18, 17, 10, 16, 1, 2]"
79,-64416.0,-5892.0,-21086.23999999999,-20406.0,5514.05,90073,11.71257209777832,"[2, 11, 17, 9, 14, 3, 8, 14, 13, 14, 1, 10, 14, 3, 5, 1, 9, 4, 14, 19, 18, 14, 9, 20, 8, 13, 10, 9, 13, 14, 12, 17, 15, 3, 12, 11, 6, 17, 1, 2, 7, 15, 19, 17, 6, 10, 18, 6, 18, 17, 10, 16, 1, 2]"
80,-62925.0,-5892.0,-21046.98999999999,-20404.0,5519.97,90292,11.566070795059204,"[2, 11, 17, 9, 14, 3, 8, 14, 13, 14, 1, 10, 14, 3, 5, 1, 9, 4, 14, 19, 18, 14, 9, 20, 8, 13, 10, 9, 13, 14, 12, 17, 15, 3, 12, 11, 6, 17, 1, 2, 7, 15, 19, 17, 6, 10, 18, 6, 18, 17, 10, 16, 1, 2]"
81,-62918.0,-5888.0,-20990.280000000028,-20400.0,5541.06,90246,11.613466024398804,"[2, 11, 3, 16, 15, 3, 13, 2, 9, 17, 10, 14, 11, 19, 5, 1, 9, 4, 9, 6, 6, 5, 18, 16, 8, 7, 10, 9, 13, 14, 20, 12, 8, 7, 19, 7, 6, 17, 1, 10, 5, 14, 11, 14, 13, 10, 18, 6, 18, 17, 14, 10, 1, 2]"
82,-64420.0,-5888.0,-20923.329999999958,-19915.0,5549.58,90028,11.705514907836914,"[2, 11, 3, 16, 15, 3, 13, 2, 9, 17, 10, 14, 11, 19, 5, 1, 9, 4, 9, 6, 6, 5, 18, 16, 8, 7, 10, 9, 13, 14, 20, 12, 8, 7, 19, 7, 6, 17, 1, 10, 5, 14, 11, 14, 13, 10, 18, 6, 18, 17, 14, 10, 1, 2]"
83,-64420.0,-5888.0,-20913.18000000005,-19915.0,5536.93,90315,11.548425912857056,"[2, 11, 3, 16, 15, 3, 13, 2, 9, 17, 10, 14, 11, 19, 5, 1, 9, 4, 9, 6, 6, 5, 18, 16, 8, 7, 10, 9, 13, 14, 20, 12, 8, 7, 19, 7, 6, 17, 1, 10, 5, 14, 11, 14, 13, 10, 18, 6, 18, 17, 14, 10, 1, 2]"
84,-59915.0,-5393.0,-20858.410000000033,-19912.0,5547.37,89840,11.667776107788086,"[2, 11, 3, 16, 15, 3, 8, 14, 13, 14, 7, 13, 11, 17, 5, 1, 9, 18, 14, 15, 6, 9, 18, 16, 8, 7, 10, 9, 13, 14, 19, 20, 3, 11, 11, 2, 10, 17, 5, 2, 7, 15, 19, 17, 6, 10, 18, 6, 18, 17, 14, 10, 1, 2]"
85,-59919.0,-5393.0,-20759.170000000042,-19910.0,5501.27,90108,11.839317083358765,"[2, 11, 3, 16, 15, 3, 8, 14, 13, 14, 7, 13, 11, 17, 5, 1, 9, 18, 14, 15, 6, 9, 18, 16, 8, 7, 10, 9, 13, 14, 19, 20, 3, 11, 11, 2, 10, 17, 5, 2, 7, 15, 19, 17, 6, 10, 18, 6, 18, 17, 14, 10, 1, 2]"
86,-59907.0,-4899.0,-20672.560000000056,-19909.0,5486.7,90288,11.52152943611145,"[2, 16, 9, 1, 11, 2, 3, 2, 13, 14, 1, 14, 11, 19, 5, 1, 9, 6, 15, 19, 6, 18, 17, 18, 5, 17, 10, 9, 13, 14, 12, 17, 15, 2, 6, 15, 13, 1, 2, 1, 5, 17, 14, 17, 6, 10, 18, 6, 18, 17, 14, 10, 1, 2]"
87,-64934.0,-4899.0,-20583.130000000005,-19906.0,5493.76,89976,11.619714975357056,"[2, 16, 9, 1, 11, 2, 3, 2, 13, 14, 1, 14, 11, 19, 5, 1, 9, 6, 15, 19, 6, 18, 17, 18, 5, 17, 10, 9, 13, 14, 12, 17, 15, 2, 6, 15, 13, 1, 2, 1, 5, 17, 14, 17, 6, 10, 18, 6, 18, 17, 14, 10, 1, 2]"
88,-67928.0,-4899.0,-20574.349999999977,-19906.0,5541.76,90086,11.483039617538452,"[2, 16, 9, 1, 11, 2, 3, 2, 13, 14, 1, 14, 11, 19, 5, 1, 9, 6, 15, 19, 6, 18, 17, 18, 5, 17, 10, 9, 13, 14, 12, 17, 15, 2, 6, 15, 13, 1, 2, 1, 5, 17, 14, 17, 6, 10, 18, 6, 18, 17, 14, 10, 1, 2]"
89,-62917.0,-4899.0,-20590.75,-19905.0,5557.69,90169,11.579307556152344,"[2, 16, 9, 1, 11, 2, 3, 2, 13, 14, 1, 14, 11, 19, 5, 1, 9, 6, 15, 19, 6, 18, 17, 18, 5, 17, 10, 9, 13, 14, 12, 17, 15, 2, 6, 15, 13, 1, 2, 1, 5, 17, 14, 17, 6, 10, 18, 6, 18, 17, 14, 10, 1, 2]"
90,-61420.0,-4899.0,-20538.599999999977,-19904.0,5562.59,90074,11.654638051986694,"[2, 16, 9, 1, 11, 2, 3, 2, 13, 14, 1, 14, 11, 19, 5, 1, 9, 6, 15, 19, 6, 18, 17, 18, 5, 17, 10, 9, 13, 14, 12, 17, 15, 2, 6, 15, 13, 1, 2, 1, 5, 17, 14, 17, 6, 10, 18, 6, 18, 17, 14, 10, 1, 2]"
91,-58916.0,-4899.0,-20431.01000000001,-19415.0,5533.16,90057,11.481219291687012,"[2, 16, 9, 1, 11, 2, 3, 2, 13, 14, 1, 14, 11, 19, 5, 1, 9, 6, 15, 19, 6, 18, 17, 18, 5, 17, 10, 9, 13, 14, 12, 17, 15, 2, 6, 15, 13, 1, 2, 1, 5, 17, 14, 17, 6, 10, 18, 6, 18, 17, 14, 10, 1, 2]"
92,-63421.0,-4899.0,-20303.93000000005,-19411.0,5508.34,90214,11.765565633773804,"[2, 16, 9, 1, 11, 2, 3, 2, 13, 14, 1, 14, 11, 19, 5, 1, 9, 6, 15, 19, 6, 18, 17, 18, 5, 17, 10, 9, 13, 14, 12, 17, 15, 2, 6, 15, 13, 1, 2, 1, 5, 17, 14, 17, 6, 10, 18, 6, 18, 17, 14, 10, 1, 2]"
93,-65426.0,-4899.0,-20302.890000000014,-19411.0,5558.6,90194,11.478261947631836,"[2, 16, 9, 1, 11, 2, 3, 2, 13, 14, 1, 14, 11, 19, 5, 1, 9, 6, 15, 19, 6, 18, 17, 18, 5, 17, 10, 9, 13, 14, 12, 17, 15, 2, 6, 15, 13, 1, 2, 1, 5, 17, 14, 17, 6, 10, 18, 6, 18, 17, 14, 10, 1, 2]"
94,-69911.0,-4899.0,-20296.609999999986,-19411.0,5601.31,90013,11.659439086914062,"[2, 16, 9, 1, 11, 2, 3, 2, 13, 14, 1, 14, 11, 19, 5, 1, 9, 6, 15, 19, 6, 18, 17, 18, 5, 17, 10, 9, 13, 14, 12, 17, 15, 2, 6, 15, 13, 1, 2, 1, 5, 17, 14, 17, 6, 10, 18, 6, 18, 17, 14, 10, 1, 2]"
95,-63422.0,-4891.0,-20352.699999999953,-19412.0,5646.2,90088,11.600704908370972,"[2, 11, 3, 16, 15, 3, 13, 2, 9, 17, 10, 14, 11, 19, 5, 1, 9, 4, 9, 6, 6, 5, 18, 9, 2, 18, 10, 9, 13, 14, 20, 12, 8, 7, 19, 7, 6, 17, 1, 10, 5, 14, 11, 14, 13, 10, 18, 6, 18, 17, 14, 10, 1, 2]"
96,-60432.0,-4891.0,-20292.280000000028,-19410.0,5637.66,90006,11.44154691696167,"[2, 11, 3, 16, 15, 3, 13, 2, 9, 17, 10, 14, 11, 19, 5, 1, 9, 4, 9, 6, 6, 5, 18, 9, 2, 18, 10, 9, 13, 14, 20, 12, 8, 7, 19, 7, 6, 17, 1, 10, 5, 14, 11, 14, 13, 10, 18, 6, 18, 17, 14, 10, 1, 2]"
97,-60416.0,-4891.0,-20177.709999999963,-19408.0,5615.33,90022,11.780668258666992,"[2, 11, 3, 16, 15, 3, 13, 2, 9, 17, 10, 14, 11, 19, 5, 1, 9, 4, 9, 6, 6, 5, 18, 9, 2, 18, 10, 9, 13, 14, 20, 12, 8, 7, 19, 7, 6, 17, 1, 10, 5, 14, 11, 14, 13, 10, 18, 6, 18, 17, 14, 10, 1, 2]"
98,-63421.0,-3389.0,-20077.98999999999,-19405.0,5612.14,89999,11.479723453521729,"[2, 11, 17, 9, 14, 3, 8, 14, 13, 14, 7, 13, 11, 17, 5, 1, 9, 18, 6, 15, 6, 9, 18, 16, 8, 7, 10, 9, 13, 14, 19, 20, 3, 4, 2, 15, 6, 17, 1, 2, 7, 15, 19, 17, 6, 10, 18, 6, 18, 17, 10, 16, 1, 2]"
99,-62423.0,-3389.0,-20055.25,-19404.0,5623.85,89999,11.681118488311768,"[2, 11, 17, 9, 14, 3, 8, 14, 13, 14, 7, 13, 11, 17, 5, 1, 9, 18, 6, 15, 6, 9, 18, 16, 8, 7, 10, 9, 13, 14, 19, 20, 3, 4, 2, 15, 6, 17, 1, 2, 7, 15, 19, 17, 6, 10, 18, 6, 18, 17, 10, 16, 1, 2]"
100,-60421.0,-3389.0,-19989.089999999967,-19401.0,5604.73,90141,11.606060981750488,"[2, 11, 17, 9, 14, 3, 8, 14, 13, 14, 7, 13, 11, 17, 5, 1, 9, 18, 6, 15, 6, 9, 18, 16, 8, 7, 10, 9, 13, 14, 19, 20, 3, 4, 2, 15, 6, 17, 1, 2, 7, 15, 19, 17, 6, 10, 18, 6, 18, 17, 10, 16, 1, 2]"
101,-61932.0,-3389.0,-19910.400000000023,-18914.0,5589.35,90020,11.625595092773438,"[2, 11, 17, 9, 14, 3, 8, 14, 13, 14, 7, 13, 11, 17, 5, 1, 9, 18, 6, 15, 6, 9, 18, 16, 8, 7, 10, 9, 13, 14, 19, 20, 3, 4, 2, 15, 6, 17, 1, 2, 7, 15, 19, 17, 6, 10, 18, 6, 18, 17, 10, 16, 1, 2]"
102,-69410.0,-3389.0,-19851.939999999944,-18912.0,5602.69,90416,11.601502180099487,"[2, 11, 17, 9, 14, 3, 8, 14, 13, 14, 7, 13, 11, 17, 5, 1, 9, 18, 6, 15, 6, 9, 18, 16, 8, 7, 10, 9, 13, 14, 19, 20, 3, 4, 2, 15, 6, 17, 1, 2, 7, 15, 19, 17, 6, 10, 18, 6, 18, 17, 10, 16, 1, 2]"
103,-59922.0,-3389.0,-19889.560000000056,-18913.0,5658.41,90024,11.724515676498413,"[2, 11, 17, 9, 14, 3, 8, 14, 13, 14, 7, 13, 11, 17, 5, 1, 9, 18, 6, 15, 6, 9, 18, 16, 8, 7, 10, 9, 13, 14, 19, 20, 3, 4, 2, 15, 6, 17, 1, 2, 7, 15, 19, 17, 6, 10, 18, 6, 18, 17, 10, 16, 1, 2]"
104,-60412.0,-3389.0,-19776.390000000014,-18910.0,5608.94,90113,11.501803636550903,"[2, 11, 17, 9, 14, 3, 8, 14, 13, 14, 7, 13, 11, 17, 5, 1, 9, 18, 6, 15, 6, 9, 18, 16, 8, 7, 10, 9, 13, 14, 19, 20, 3, 4, 2, 15, 6, 17, 1, 2, 7, 15, 19, 17, 6, 10, 18, 6, 18, 17, 10, 16, 1, 2]"
105,-61408.0,-3389.0,-19702.329999999958,-18908.0,5617.2,89996,11.445470809936523,"[2, 11, 17, 9, 14, 3, 8, 14, 13, 14, 7, 13, 11, 17, 5, 1, 9, 18, 6, 15, 6, 9, 18, 16, 8, 7, 10, 9, 13, 14, 19, 20, 3, 4, 2, 15, 6, 17, 1, 2, 7, 15, 19, 17, 6, 10, 18, 6, 18, 17, 10, 16, 1, 2]"
106,-57920.0,-3389.0,-19620.949999999953,-18906.0,5619.78,89995,11.609675407409668,"[2, 11, 17, 9, 14, 3, 8, 14, 13, 14, 7, 13, 11, 17, 5, 1, 9, 18, 6, 15, 6, 9, 18, 16, 8, 7, 10, 9, 13, 14, 19, 20, 3, 4, 2, 15, 6, 17, 1, 2, 7, 15, 19, 17, 6, 10, 18, 6, 18, 17, 10, 16, 1, 2]"
107,-59414.0,-3389.0,-19503.160000000033,-18903.0,5539.39,90248,11.524991512298584,"[2, 11, 17, 9, 14, 3, 8, 14, 13, 14, 7, 13, 11, 17, 5, 1, 9, 18, 6, 15, 6, 9, 18, 16, 8, 7, 10, 9, 13, 14, 19, 20, 3, 4, 2, 15, 6, 17, 1, 2, 7, 15, 19, 17, 6, 10, 18, 6, 18, 17, 10, 16, 1, 2]"
108,-57417.0,-3389.0,-19447.31999999995,-18419.0,5603.98,90359,11.57008957862854,"[2, 11, 17, 9, 14, 3, 8, 14, 13, 14, 7, 13, 11, 17, 5, 1, 9, 18, 6, 15, 6, 9, 18, 16, 8, 7, 10, 9, 13, 14, 19, 20, 3, 4, 2, 15, 6, 17, 1, 2, 7, 15, 19, 17, 6, 10, 18, 6, 18, 17, 10, 16, 1, 2]"
109,-59421.0,-3389.0,-19314.73999999999,-18412.0,5549.28,90123,11.645057439804077,"[2, 11, 17, 9, 14, 3, 8, 14, 13, 14, 7, 13, 11, 17, 5, 1, 9, 18, 6, 15, 6, 9, 18, 16, 8, 7, 10, 9, 13, 14, 19, 20, 3, 4, 2, 15, 6, 17, 1, 2, 7, 15, 19, 17, 6, 10, 18, 6, 18, 17, 10, 16, 1, 2]"
110,-66916.0,-3389.0,-19245.0,-18409.0,5607.11,90285,11.478590726852417,"[2, 11, 17, 9, 14, 3, 8, 14, 13, 14, 7, 13, 11, 17, 5, 1, 9, 18, 6, 15, 6, 9, 18, 16, 8, 7, 10, 9, 13, 14, 19, 20, 3, 4, 2, 15, 6, 17, 1, 2, 7, 15, 19, 17, 6, 10, 18, 6, 18, 17, 10, 16, 1, 2]"
111,-61423.0,-3389.0,-19300.699999999953,-18410.0,5644.35,89978,11.593517303466797,"[2, 11, 17, 9, 14, 3, 8, 14, 13, 14, 7, 13, 11, 17, 5, 1, 9, 18, 6, 15, 6, 9, 18, 16, 8, 7, 10, 9, 13, 14, 19, 20, 3, 4, 2, 15, 6, 17, 1, 2, 7, 15, 19, 17, 6, 10, 18, 6, 18, 17, 10, 16, 1, 2]"
112,-62918.0,-3389.0,-19263.280000000028,-18409.0,5655.42,89982,11.573386669158936,"[2, 11, 17, 9, 14, 3, 8, 14, 13, 14, 7, 13, 11, 17, 5, 1, 9, 18, 6, 15, 6, 9, 18, 16, 8, 7, 10, 9, 13, 14, 19, 20, 3, 4, 2, 15, 6, 17, 1, 2, 7, 15, 19, 17, 6, 10, 18, 6, 18, 17, 10, 16, 1, 2]"
113,-58911.0,-3389.0,-19255.290000000037,-18409.0,5673.25,90319,11.617905616760254,"[2, 11, 17, 9, 14, 3, 8, 14, 13, 14, 7, 13, 11, 17, 5, 1, 9, 18, 6, 15, 6, 9, 18, 16, 8, 7, 10, 9, 13, 14, 19, 20, 3, 4, 2, 15, 6, 17, 1, 2, 7, 15, 19, 17, 6, 10, 18, 6, 18, 17, 10, 16, 1, 2]"
114,-60415.0,-3389.0,-19124.949999999953,-18406.0,5632.1,89829,11.608733415603638,"[2, 11, 17, 9, 14, 3, 8, 14, 13, 14, 7, 13, 11, 17, 5, 1, 9, 18, 6, 15, 6, 9, 18, 16, 8, 7, 10, 9, 13, 14, 19, 20, 3, 4, 2, 15, 6, 17, 1, 2, 7, 15, 19, 17, 6, 10, 18, 6, 18, 17, 10, 16, 1, 2]"
115,-58418.0,-3389.0,-19071.040000000037,-18404.0,5635.64,90164,11.470120906829834,"[2, 11, 17, 9, 14, 3, 8, 14, 13, 14, 7, 13, 11, 17, 5, 1, 9, 18, 6, 15, 6, 9, 18, 16, 8, 7, 10, 9, 13, 14, 19, 20, 3, 4, 2, 15, 6, 17, 1, 2, 7, 15, 19, 17, 6, 10, 18, 6, 18, 17, 10, 16, 1, 2]"
116,-57921.0,-3389.0,-18997.900000000023,-18401.0,5634.94,89988,11.535433530807495,"[2, 11, 17, 9, 14, 3, 8, 14, 13, 14, 7, 13, 11, 17, 5, 1, 9, 18, 6, 15, 6, 9, 18, 16, 8, 7, 10, 9, 13, 14, 19, 20, 3, 4, 2, 15, 6, 17, 1, 2, 7, 15, 19, 17, 6, 10, 18, 6, 18, 17, 10, 16, 1, 2]"
117,-61417.0,-3389.0,-18900.709999999963,-17914.0,5599.07,89963,11.582550287246704,"[2, 11, 17, 9, 14, 3, 8, 14, 13, 14, 7, 13, 11, 17, 5, 1, 9, 18, 6, 15, 6, 9, 18, 16, 8, 7, 10, 9, 13, 14, 19, 20, 3, 4, 2, 15, 6, 17, 1, 2, 7, 15, 19, 17, 6, 10, 18, 6, 18, 17, 10, 16, 1, 2]"
118,-66418.0,-3389.0,-18877.27000000002,-17912.0,5658.89,90050,11.469634056091309,"[2, 11, 17, 9, 14, 3, 8, 14, 13, 14, 7, 13, 11, 17, 5, 1, 9, 18, 6, 15, 6, 9, 18, 16, 8, 7, 10, 9, 13, 14, 19, 20, 3, 4, 2, 15, 6, 17, 1, 2, 7, 15, 19, 17, 6, 10, 18, 6, 18, 17, 10, 16, 1, 2]"
119,-63417.0,-3389.0,-18922.199999999953,-17913.0,5725.08,90157,11.825085639953613,"[2, 11, 17, 9, 14, 3, 8, 14, 13, 14, 7, 13, 11, 17, 5, 1, 9, 18, 6, 15, 6, 9, 18, 16, 8, 7, 10, 9, 13, 14, 19, 20, 3, 4, 2, 15, 6, 17, 1, 2, 7, 15, 19, 17, 6, 10, 18, 6, 18, 17, 10, 16, 1, 2]"
120,-56415.0,-3389.0,-18883.790000000037,-17911.0,5742.13,89871,11.414652585983276,"[2, 11, 17, 9, 14, 3, 8, 14, 13, 14, 7, 13, 11, 17, 5, 1, 9, 18, 6, 15, 6, 9, 18, 16, 8, 7, 10, 9, 13, 14, 19, 20, 3, 4, 2, 15, 6, 17, 1, 2, 7, 15, 19, 17, 6, 10, 18, 6, 18, 17, 10, 16, 1, 2]"
121,-57924.0,-3388.0,-18699.339999999967,-17907.0,5669.41,90131,11.546857595443726,"[2, 11, 17, 9, 14, 3, 8, 14, 13, 14, 7, 13, 11, 17, 5, 1, 9, 18, 6, 15, 6, 9, 18, 16, 8, 7, 10, 9, 13, 14, 19, 20, 2, 11, 15, 2, 6, 17, 1, 2, 7, 15, 19, 17, 6, 10, 18, 6, 18, 17, 10, 16, 1, 2]"
122,-56915.0,-2889.0,-18591.26000000001,-17905.0,5629.78,89935,11.531767129898071,"[2, 11, 17, 9, 14, 3, 8, 14, 13, 14, 7, 13, 11, 17, 5, 1, 9, 18, 6, 15, 6, 9, 18, 16, 8, 7, 10, 9, 13, 14, 19, 20, 3, 4, 2, 15, 2, 13, 10, 9, 1, 2, 19, 17, 6, 10, 18, 6, 18, 17, 10, 16, 1, 2]"
123,-64423.0,-2889.0,-18509.150000000023,-17904.0,5621.79,90075,11.45995306968689,"[2, 11, 17, 9, 14, 3, 8, 14, 13, 14, 7, 13, 11, 17, 5, 1, 9, 18, 6, 15, 6, 9, 18, 16, 8, 7, 10, 9, 13, 14, 19, 20, 3, 4, 2, 15, 2, 13, 10, 9, 1, 2, 19, 17, 6, 10, 18, 6, 18, 17, 10, 16, 1, 2]"
124,-59924.0,-2889.0,-18529.119999999995,-17902.0,5653.61,90150,11.73763656616211,"[2, 11, 17, 9, 14, 3, 8, 14, 13, 14, 7, 13, 11, 17, 5, 1, 9, 18, 6, 15, 6, 9, 18, 16, 8, 7, 10, 9, 13, 14, 19, 20, 3, 4, 2, 15, 2, 13, 10, 9, 1, 2, 19, 17, 6, 10, 18, 6, 18, 17, 10, 16, 1, 2]"
125,-52910.0,-2889.0,-18455.310000000056,-17417.0,5662.16,90139,11.424918174743652,"[2, 11, 17, 9, 14, 3, 8, 14, 13, 14, 7, 13, 11, 17, 5, 1, 9, 18, 6, 15, 6, 9, 18, 16, 8, 7, 10, 9, 13, 14, 19, 20, 3, 4, 2, 15, 2, 13, 10, 9, 1, 2, 19, 17, 6, 10, 18, 6, 18, 17, 10, 16, 1, 2]"
126,-65428.0,-2889.0,-18249.150000000023,-17409.0,5597.66,90156,11.59389352798462,"[2, 11, 17, 9, 14, 3, 8, 14, 13, 14, 7, 13, 11, 17, 5, 1, 9, 18, 6, 15, 6, 9, 18, 16, 8, 7, 10, 9, 13, 14, 19, 20, 3, 4, 2, 15, 2, 13, 10, 9, 1, 2, 19, 17, 6, 10, 18, 6, 18, 17, 10, 16, 1, 2]"
127,-59410.0,-2889.0,-18330.689999999944,-17410.0,5680.85,90093,11.623833656311035,"[2, 11, 17, 9, 14, 3, 8, 14, 13, 14, 7, 13, 11, 17, 5, 1, 9, 18, 6, 15, 6, 9, 18, 16, 8, 7, 10, 9, 13, 14, 19, 20, 3, 4, 2, 15, 2, 13, 10, 9, 1, 2, 19, 17, 6, 10, 18, 6, 18, 17, 10, 16, 1, 2]"
128,-61919.0,-2889.0,-18312.969999999972,-17409.0,5707.22,90094,11.6346275806427,"[2, 11, 17, 9, 14, 3, 8, 14, 13, 14, 7, 13, 11, 17, 5, 1, 9, 18, 6, 15, 6, 9, 18, 16, 8, 7, 10, 9, 13, 14, 19, 20, 3, 4, 2, 15, 2, 13, 10, 9, 1, 2, 19, 17, 6, 10, 18, 6, 18, 17, 10, 16, 1, 2]"
129,-60421.0,-2887.0,-18281.43000000005,-17408.0,5713.73,90173,11.666900157928467,"[2, 11, 17, 9, 14, 3, 8, 14, 13, 14, 7, 13, 11, 17, 5, 1, 9, 18, 6, 15, 6, 9, 18, 16, 8, 7, 10, 9, 13, 2, 19, 20, 3, 4, 2, 15, 6, 17, 1, 2, 7, 15, 19, 17, 5, 10, 18, 6, 18, 17, 10, 16, 1, 2]"
130,-59425.0,-2887.0,-18211.829999999958,-17407.0,5712.5,89819,11.627862453460693,"[2, 11, 17, 9, 14, 3, 8, 14, 13, 14, 7, 13, 11, 17, 5, 1, 9, 18, 6, 15, 6, 9, 18, 16, 8, 7, 10, 9, 13, 2, 19, 20, 3, 4, 2, 15, 6, 17, 1, 2, 7, 15, 19, 17, 5, 10, 18, 6, 18, 17, 10, 16, 1, 2]"
131,-73924.0,-2887.0,-18106.98999999999,-17405.0,5709.89,90126,11.45574688911438,"[2, 11, 17, 9, 14, 3, 8, 14, 13, 14, 7, 13, 11, 17, 5, 1, 9, 18, 6, 15, 6, 9, 18, 16, 8, 7, 10, 9, 13, 2, 19, 20, 3, 4, 2, 15, 6, 17, 1, 2, 7, 15, 19, 17, 5, 10, 18, 6, 18, 17, 10, 16, 1, 2]"
132,-66424.0,-2387.0,-18225.06999999995,-17407.0,5816.78,90059,11.694140195846558,"[2, 11, 17, 9, 14, 3, 8, 14, 13, 14, 7, 13, 6, 15, 5, 1, 9, 18, 6, 15, 6, 9, 18, 16, 8, 7, 10, 9, 13, 14, 19, 20, 3, 4, 2, 15, 6, 17, 1, 2, 7, 15, 19, 17, 5, 10, 18, 6, 18, 17, 10, 16, 1, 2]"
133,-59913.0,-2387.0,-18226.310000000056,-17407.0,5833.21,89911,11.567341804504395,"[2, 11, 17, 9, 14, 3, 8, 14, 13, 14, 7, 13, 6, 15, 5, 1, 9, 18, 6, 15, 6, 9, 18, 16, 8, 7, 10, 9, 13, 14, 19, 20, 3, 4, 2, 15, 6, 17, 1, 2, 7, 15, 19, 17, 5, 10, 18, 6, 18, 17, 10, 16, 1, 2]"
134,-61916.0,-2387.0,-18141.18000000005,-17405.0,5822.42,89848,11.538529872894287,"[2, 11, 17, 9, 14, 3, 8, 14, 13, 14, 7, 13, 6, 15, 5, 1, 9, 18, 6, 15, 6, 9, 18, 16, 8, 7, 10, 9, 13, 14, 19, 20, 3, 4, 2, 15, 6, 17, 1, 2, 7, 15, 19, 17, 5, 10, 18, 6, 18, 17, 10, 16, 1, 2]"
135,-57917.0,-2387.0,-18072.810000000056,-17403.0,5816.78,90190,11.626163244247437,"[2, 11, 17, 9, 14, 3, 8, 14, 13, 14, 7, 13, 6, 15, 5, 1, 9, 18, 6, 15, 6, 9, 18, 16, 8, 7, 10, 9, 13, 14, 19, 20, 3, 4, 2, 15, 6, 17, 1, 2, 7, 15, 19, 17, 5, 10, 18, 6, 18, 17, 10, 16, 1, 2]"
136,-57918.0,-2387.0,-17945.48999999999,-17398.0,5763.3,90272,11.3714759349823,"[2, 11, 17, 9, 14, 3, 8, 14, 13, 14, 7, 13, 6, 15, 5, 1, 9, 18, 6, 15, 6, 9, 18, 16, 8, 7, 10, 9, 13, 14, 19, 20, 3, 4, 2, 15, 6, 17, 1, 2, 7, 15, 19, 17, 5, 10, 18, 6, 18, 17, 10, 16, 1, 2]"
137,-58411.0,-2387.0,-17824.43000000005,-16911.0,5753.48,90012,11.562343120574951,"[2, 11, 17, 9, 14, 3, 8, 14, 13, 14, 7, 13, 6, 15, 5, 1, 9, 18, 6, 15, 6, 9, 18, 16, 8, 7, 10, 9, 13, 14, 19, 20, 3, 4, 2, 15, 6, 17, 1, 2, 7, 15, 19, 17, 5, 10, 18, 6, 18, 17, 10, 16, 1, 2]"
138,-58921.0,-2387.0,-17739.099999999977,-16908.0,5759.44,90179,11.619784593582153,"[2, 11, 17, 9, 14, 3, 8, 14, 13, 14, 7, 13, 6, 15, 5, 1, 9, 18, 6, 15, 6, 9, 18, 16, 8, 7, 10, 9, 13, 14, 19, 20, 3, 4, 2, 15, 6, 17, 1, 2, 7, 15, 19, 17, 5, 10, 18, 6, 18, 17, 10, 16, 1, 2]"
139,-59919.0,-2387.0,-17651.369999999995,-16906.0,5780.22,90006,11.427703619003296,"[2, 11, 17, 9, 14, 3, 8, 14, 13, 14, 7, 13, 6, 15, 5, 1, 9, 18, 6, 15, 6, 9, 18, 16, 8, 7, 10, 9, 13, 14, 19, 20, 3, 4, 2, 15, 6, 17, 1, 2, 7, 15, 19, 17, 5, 10, 18, 6, 18, 17, 10, 16, 1, 2]"
140,-68925.0,-2387.0,-17572.5,-16904.0,5812.77,90220,11.441163778305054,"[2, 11, 17, 9, 14, 3, 8, 14, 13, 14, 7, 13, 6, 15, 5, 1, 9, 18, 6, 15, 6, 9, 18, 16, 8, 7, 10, 9, 13, 14, 19, 20, 3, 4, 2, 15, 6, 17, 1, 2, 7, 15, 19, 17, 5, 10, 18, 6, 18, 17, 10, 16, 1, 2]"
141,-57416.0,-2387.0,-17602.459999999963,-16905.0,5852.84,89944,11.622875213623047,"[2, 11, 17, 9, 14, 3, 8, 14, 13, 14, 7, 13, 6, 15, 5, 1, 9, 18, 6, 15, 6, 9, 18, 16, 8, 7, 10, 9, 13, 14, 19, 20, 3, 4, 2, 15, 6, 17, 1, 2, 7, 15, 19, 17, 5, 10, 18, 6, 18, 17, 10, 16, 1, 2]"
142,-60913.0,-2387.0,-17444.060000000056,-16900.0,5811.2,90144,11.44858980178833,"[2, 11, 17, 9, 14, 3, 8, 14, 13, 14, 7, 13, 6, 15, 5, 1, 9, 18, 6, 15, 6, 9, 18, 16, 8, 7, 10, 9, 13, 14, 19, 20, 3, 4, 2, 15, 6, 17, 1, 2, 7, 15, 19, 17, 5, 10, 18, 6, 18, 17, 10, 16, 1, 2]"
143,-65413.0,-2387.0,-17362.27000000002,-16413.0,5829.44,89958,11.418009996414185,"[2, 11, 17, 9, 14, 3, 8, 14, 13, 14, 7, 13, 6, 15, 5, 1, 9, 18, 6, 15, 6, 9, 18, 16, 8, 7, 10, 9, 13, 14, 19, 20, 3, 4, 2, 15, 6, 17, 1, 2, 7, 15, 19, 17, 5, 10, 18, 6, 18, 17, 10, 16, 1, 2]"
144,-67915.0,-2387.0,-17359.790000000037,-16412.0,5863.5,90239,11.612425088882446,"[2, 11, 17, 9, 14, 3, 8, 14, 13, 14, 7, 13, 6, 15, 5, 1, 9, 18, 6, 15, 6, 9, 18, 16, 8, 7, 10, 9, 13, 14, 19, 20, 3, 4, 2, 15, 6, 17, 1, 2, 7, 15, 19, 17, 5, 10, 18, 6, 18, 17, 10, 16, 1, 2]"
145,-55917.0,-1890.0,-17348.01000000001,-16411.0,5880.68,90135,11.338247299194336,"[2, 11, 3, 9, 14, 3, 8, 14, 13, 14, 7, 14, 11, 17, 5, 1, 9, 18, 6, 15, 6, 9, 18, 16, 8, 10, 10, 9, 13, 14, 19, 20, 3, 4, 2, 15, 6, 17, 1, 2, 7, 15, 19, 17, 5, 10, 18, 6, 18, 17, 10, 16, 1, 2]"
146,-63416.0,-1890.0,-17138.079999999958,-16406.0,5838.9,90067,11.573167562484741,"[2, 11, 3, 9, 14, 3, 8, 14, 13, 14, 7, 14, 11, 17, 5, 1, 9, 18, 6, 15, 6, 9, 18, 16, 8, 10, 10, 9, 13, 14, 19, 20, 3, 4, 2, 15, 6, 17, 1, 2, 7, 15, 19, 17, 5, 10, 18, 6, 18, 17, 10, 16, 1, 2]"
147,-52419.0,-1887.0,-17093.890000000014,-16405.0,5836.43,90048,11.473566055297852,"[2, 11, 17, 9, 14, 3, 8, 14, 13, 14, 7, 13, 11, 17, 5, 1, 9, 18, 14, 15, 6, 9, 18, 16, 8, 7, 10, 9, 13, 14, 19, 20, 3, 4, 2, 15, 6, 17, 1, 2, 5, 18, 19, 17, 5, 10, 18, 6, 18, 17, 10, 16, 1, 2]"
148,-54416.0,-1887.0,-16841.079999999958,-15917.0,5753.54,90081,11.565330982208252,"[2, 11, 17, 9, 14, 3, 8, 14, 13, 14, 7, 13, 11, 17, 5, 1, 9, 18, 14, 15, 6, 9, 18, 16, 8, 7, 10, 9, 13, 14, 19, 20, 3, 4, 2, 15, 6, 17, 1, 2, 5, 18, 19, 17, 5, 10, 18, 6, 18, 17, 10, 16, 1, 2]"
149,-58911.0,-1886.0,-16690.140000000014,-15908.0,5733.6,90328,11.374261617660522,"[2, 11, 17, 9, 14, 3, 8, 14, 13, 14, 7, 13, 6, 15, 5, 1, 9, 18, 6, 15, 6, 9, 18, 16, 8, 7, 10, 9, 13, 14, 19, 20, 3, 4, 2, 15, 6, 17, 1, 2, 5, 18, 19, 17, 5, 10, 18, 6, 18, 17, 10, 16, 1, 2]"
150,-54908.0,-1886.0,-16646.079999999958,-15906.0,5742.21,90133,11.291064739227295,"[2, 11, 17, 9, 14, 3, 8, 14, 13, 14, 7, 13, 6, 15, 5, 1, 9, 18, 6, 15, 6, 9, 18, 16, 8, 7, 10, 9, 13, 14, 19, 20, 3, 4, 2, 15, 6, 17, 1, 2, 5, 18, 19, 17, 5, 10, 18, 6, 18, 17, 10, 16, 1, 2]"
151,-61422.0,-1886.0,-16527.890000000014,-15904.0,5746.56,90010,11.543535470962524,"[2, 11, 17, 9, 14, 3, 8, 14, 13, 14, 7, 13, 6, 15, 5, 1, 9, 18, 6, 15, 6, 9, 18, 16, 8, 7, 10, 9, 13, 14, 19, 20, 3, 4, 2, 15, 6, 17, 1, 2, 5, 18, 19, 17, 5, 10, 18, 6, 18, 17, 10, 16, 1, 2]"
152,-58915.0,-886.0,-16499.599999999977,-15902.0,5795.93,90235,11.426645517349243,"[2, 11, 17, 9, 14, 3, 8, 14, 13, 14, 7, 13, 11, 17, 5, 1, 9, 18, 6, 15, 6, 9, 18, 16, 8, 5, 10, 9, 13, 14, 19, 20, 10, 4, 2, 15, 2, 13, 10, 9, 1, 2, 19, 17, 5, 10, 18, 6, 18, 17, 10, 16, 1, 2]"
153,-57914.0,-886.0,-16373.130000000005,-15895.0,5786.04,90018,11.306320428848267,"[2, 11, 17, 9, 14, 3, 8, 14, 13, 14, 7, 13, 11, 17, 5, 1, 9, 18, 6, 15, 6, 9, 18, 16, 8, 5, 10, 9, 13, 14, 19, 20, 10, 4, 2, 15, 2, 13, 10, 9, 1, 2, 19, 17, 5, 10, 18, 6, 18, 17, 10, 16, 1, 2]"
154,-60918.0,-886.0,-16251.849999999977,-15410.0,5746.02,90104,11.35111665725708,"[2, 11, 17, 9, 14, 3, 8, 14, 13, 14, 7, 13, 11, 17, 5, 1, 9, 18, 6, 15, 6, 9, 18, 16, 8, 5, 10, 9, 13, 14, 19, 20, 10, 4, 2, 15, 2, 13, 10, 9, 1, 2, 19, 17, 5, 10, 18, 6, 18, 17, 10, 16, 1, 2]"
155,-57418.0,-886.0,-16208.119999999995,-15407.5,5775.81,90066,11.255399227142334,"[2, 11, 17, 9, 14, 3, 8, 14, 13, 14, 7, 13, 11, 17, 5, 1, 9, 18, 6, 15, 6, 9, 18, 16, 8, 5, 10, 9, 13, 14, 19, 20, 10, 4, 2, 15, 2, 13, 10, 9, 1, 2, 19, 17, 5, 10, 18, 6, 18, 17, 10, 16, 1, 2]"
156,-55921.0,-886.0,-16080.839999999967,-15405.0,5740.11,90010,11.327788829803467,"[2, 11, 17, 9, 14, 3, 8, 14, 13, 14, 7, 13, 11, 17, 5, 1, 9, 18, 6, 15, 6, 9, 18, 16, 8, 5, 10, 9, 13, 14, 19, 20, 10, 4, 2, 15, 2, 13, 10, 9, 1, 2, 19, 17, 5, 10, 18, 6, 18, 17, 10, 16, 1, 2]"
157,-60422.0,-886.0,-15923.900000000023,-15401.0,5720.4,89924,11.511682748794556,"[2, 11, 17, 9, 14, 3, 8, 14, 13, 14, 7, 13, 11, 17, 5, 1, 9, 18, 6, 15, 6, 9, 18, 16, 8, 5, 10, 9, 13, 14, 19, 20, 10, 4, 2, 15, 2, 13, 10, 9, 1, 2, 19, 17, 5, 10, 18, 6, 18, 17, 10, 16, 1, 2]"
158,-59920.0,-886.0,-15854.180000000051,-15396.0,5736.27,90027,11.245197772979736,"[2, 11, 17, 9, 14, 3, 8, 14, 13, 14, 7, 13, 11, 17, 5, 1, 9, 18, 6, 15, 6, 9, 18, 16, 8, 5, 10, 9, 13, 14, 19, 20, 10, 4, 2, 15, 2, 13, 10, 9, 1, 2, 19, 17, 5, 10, 18, 6, 18, 17, 10, 16, 1, 2]"
159,-60922.0,-886.0,-15805.98999999999,-14913.0,5743.38,89906,11.278846025466919,"[2, 11, 17, 9, 14, 3, 8, 14, 13, 14, 7, 13, 11, 17, 5, 1, 9, 18, 6, 15, 6, 9, 18, 16, 8, 5, 10, 9, 13, 14, 19, 20, 10, 4, 2, 15, 2, 13, 10, 9, 1, 2, 19, 17, 5, 10, 18, 6, 18, 17, 10, 16, 1, 2]"
160,-62918.0,-886.0,-15796.73999999999,-14910.0,5791.79,90200,11.29653024673462,"[2, 11, 17, 9, 14, 3, 8, 14, 13, 14, 7, 13, 11, 17, 5, 1, 9, 18, 6, 15, 6, 9, 18, 16, 8, 5, 10, 9, 13, 14, 19, 20, 10, 4, 2, 15, 2, 13, 10, 9, 1, 2, 19, 17, 5, 10, 18, 6, 18, 17, 10, 16, 1, 2]"
161,-53913.0,-886.0,-15778.439999999944,-14909.0,5787.7,90027,11.179314374923706,"[2, 11, 17, 9, 14, 3, 8, 14, 13, 14, 7, 13, 11, 17, 5, 1, 9, 18, 6, 15, 6, 9, 18, 16, 8, 5, 10, 9, 13, 14, 19, 20, 10, 4, 2, 15, 2, 13, 10, 9, 1, 2, 19, 17, 5, 10, 18, 6, 18, 17, 10, 16, 1, 2]"
162,-61415.0,-886.0,-15587.589999999967,-14905.0,5748.13,90132,11.380027532577515,"[2, 11, 17, 9, 14, 3, 8, 14, 13, 14, 7, 13, 11, 17, 5, 1, 9, 18, 6, 15, 6, 9, 18, 16, 8, 5, 10, 9, 13, 14, 19, 20, 10, 4, 2, 15, 2, 13, 10, 9, 1, 2, 19, 17, 5, 10, 18, 6, 18, 17, 10, 16, 1, 2]"
163,-60416.0,-886.0,-15536.619999999995,-14903.0,5748.54,90163,11.285876274108887,"[2, 11, 17, 9, 14, 3, 8, 14, 13, 14, 7, 13, 11, 17, 5, 1, 9, 18, 6, 15, 6, 9, 18, 16, 8, 5, 10, 9, 13, 14, 19, 20, 10, 4, 2, 15, 2, 13, 10, 9, 1, 2, 19, 17, 5, 10, 18, 6, 18, 17, 10, 16, 1, 2]"
164,-61914.0,-886.0,-15484.199999999953,-14902.0,5759.15,90144,11.30778980255127,"[2, 11, 17, 9, 14, 3, 8, 14, 13, 14, 7, 13, 11, 17, 5, 1, 9, 18, 6, 15, 6, 9, 18, 16, 8, 5, 10, 9, 13, 14, 19, 20, 10, 4, 2, 15, 2, 13, 10, 9, 1, 2, 19, 17, 5, 10, 18, 6, 18, 17, 10, 16, 1, 2]"
165,-54909.0,-886.0,-15422.369999999995,-14899.0,5778.32,90066,11.304163455963135,"[2, 11, 17, 9, 14, 3, 8, 14, 13, 14, 7, 13, 11, 17, 5, 1, 9, 18, 6, 15, 6, 9, 18, 16, 8, 5, 10, 9, 13, 14, 19, 20, 10, 4, 2, 15, 2, 13, 10, 9, 1, 2, 19, 17, 5, 10, 18, 6, 18, 17, 10, 16, 1, 2]"
166,-59921.0,-886.0,-15260.349999999977,-14409.0,5737.11,90142,11.127272844314575,"[2, 11, 17, 9, 14, 3, 8, 14, 13, 14, 7, 13, 11, 17, 5, 1, 9, 18, 6, 15, 6, 9, 18, 16, 8, 5, 10, 9, 13, 14, 19, 20, 10, 4, 2, 15, 2, 13, 10, 9, 1, 2, 19, 17, 5, 10, 18, 6, 18, 17, 10, 16, 1, 2]"
167,-60408.0,-886.0,-15198.530000000028,-14407.0,5764.73,89905,10.991015434265137,"[2, 11, 17, 9, 14, 3, 8, 14, 13, 14, 7, 13, 11, 17, 5, 1, 9, 18, 6, 15, 6, 9, 18, 16, 8, 5, 10, 9, 13, 14, 19, 20, 10, 4, 2, 15, 2, 13, 10, 9, 1, 2, 19, 17, 5, 10, 18, 6, 18, 17, 10, 16, 1, 2]"
168,-60417.0,-886.0,-15147.189999999944,-14405.0,5778.72,89781,11.402967691421509,"[2, 11, 17, 9, 14, 3, 8, 14, 13, 14, 7, 13, 11, 17, 5, 1, 9, 18, 6, 15, 6, 9, 18, 16, 8, 5, 10, 9, 13, 14, 19, 20, 10, 4, 2, 15, 2, 13, 10, 9, 1, 2, 19, 17, 5, 10, 18, 6, 18, 17, 10, 16, 1, 2]"
169,-56915.0,-886.0,-15109.369999999995,-14404.0,5769.82,89976,11.16304326057434,"[2, 11, 17, 9, 14, 3, 8, 14, 13, 14, 7, 13, 11, 17, 5, 1, 9, 18, 6, 15, 6, 9, 18, 16, 8, 5, 10, 9, 13, 14, 19, 20, 10, 4, 2, 15, 2, 13, 10, 9, 1, 2, 19, 17, 5, 10, 18, 6, 18, 17, 10, 16, 1, 2]"
170,-60405.0,-886.0,-15013.560000000056,-14402.0,5736.3,90219,11.224213123321533,"[2, 11, 17, 9, 14, 3, 8, 14, 13, 14, 7, 13, 11, 17, 5, 1, 9, 18, 6, 15, 6, 9, 18, 16, 8, 5, 10, 9, 13, 14, 19, 20, 10, 4, 2, 15, 2, 13, 10, 9, 1, 2, 19, 17, 5, 10, 18, 6, 18, 17, 10, 16, 1, 2]"
171,-64914.0,-885.0,-14948.790000000037,-14400.0,5760.21,90008,11.286002159118652,"[2, 11, 17, 9, 14, 3, 8, 14, 13, 14, 7, 13, 11, 17, 5, 1, 9, 18, 6, 15, 6, 9, 18, 16, 8, 10, 10, 9, 13, 14, 19, 20, 10, 4, 2, 15, 6, 17, 1, 2, 5, 18, 19, 17, 5, 10, 18, 6, 18, 17, 10, 16, 1, 2]"
172,-57410.0,-885.0,-14955.26000000001,-14400.0,5787.4,89947,11.07412052154541,"[2, 11, 17, 9, 14, 3, 8, 14, 13, 14, 7, 13, 11, 17, 5, 1, 9, 18, 6, 15, 6, 9, 18, 16, 8, 10, 10, 9, 13, 14, 19, 20, 10, 4, 2, 15, 6, 17, 1, 2, 5, 18, 19, 17, 5, 10, 18, 6, 18, 17, 10, 16, 1, 2]"
173,-60907.0,-885.0,-14849.219999999972,-13913.0,5753.04,90100,11.472916841506958,"[2, 11, 17, 9, 14, 3, 8, 14, 13, 14, 7, 13, 11, 17, 5, 1, 9, 18, 6, 15, 6, 9, 18, 16, 8, 10, 10, 9, 13, 14, 19, 20, 10, 4, 2, 15, 6, 17, 1, 2, 5, 18, 19, 17, 5, 10, 18, 6, 18, 17, 10, 16, 1, 2]"
174,-58422.0,-885.0,-14810.020000000019,-13909.0,5756.36,90015,11.075512647628784,"[2, 11, 17, 9, 14, 3, 8, 14, 13, 14, 7, 13, 11, 17, 5, 1, 9, 18, 6, 15, 6, 9, 18, 16, 8, 10, 10, 9, 13, 14, 19, 20, 10, 4, 2, 15, 6, 17, 1, 2, 5, 18, 19, 17, 5, 10, 18, 6, 18, 17, 10, 16, 1, 2]"
175,-63924.0,-885.0,-14694.219999999972,-13905.0,5715.4,90250,11.236883640289307,"[2, 11, 17, 9, 14, 3, 8, 14, 13, 14, 7, 13, 11, 17, 5, 1, 9, 18, 6, 15, 6, 9, 18, 16, 8, 10, 10, 9, 13, 14, 19, 20, 10, 4, 2, 15, 6, 17, 1, 2, 5, 18, 19, 17, 5, 10, 18, 6, 18, 17, 10, 16, 1, 2]"
176,-57412.0,-885.0,-14706.130000000005,-13905.0,5768.73,90062,11.208207130432129,"[2, 11, 17, 9, 14, 3, 8, 14, 13, 14, 7, 13, 11, 17, 5, 1, 9, 18, 6, 15, 6, 9, 18, 16, 8, 10, 10, 9, 13, 14, 19, 20, 10, 4, 2, 15, 6, 17, 1, 2, 5, 18, 19, 17, 5, 10, 18, 6, 18, 17, 10, 16, 1, 2]"
177,-57923.0,-885.0,-14590.449999999953,-13903.0,5732.81,90057,11.160848379135132,"[2, 11, 17, 9, 14, 3, 8, 14, 13, 14, 7, 13, 11, 17, 5, 1, 9, 18, 6, 15, 6, 9, 18, 16, 8, 10, 10, 9, 13, 14, 19, 20, 10, 4, 2, 15, 6, 17, 1, 2, 5, 18, 19, 17, 5, 10, 18, 6, 18, 17, 10, 16, 1, 2]"
178,-64921.0,-885.0,-14500.719999999972,-13902.0,5712.63,90021,11.17221474647522,"[2, 11, 17, 9, 14, 3, 8, 14, 13, 14, 7, 13, 11, 17, 5, 1, 9, 18, 6, 15, 6, 9, 18, 16, 8, 10, 10, 9, 13, 14, 19, 20, 10, 4, 2, 15, 6, 17, 1, 2, 5, 18, 19, 17, 5, 10, 18, 6, 18, 17, 10, 16, 1, 2]"
179,-85423.0,-387.0,-14509.910000000033,-13901.0,5736.06,90015,11.332631349563599,"[2, 11, 17, 9, 14, 3, 8, 14, 13, 14, 7, 13, 11, 17, 5, 1, 9, 18, 6, 15, 6, 9, 18, 16, 8, 5, 10, 9, 13, 14, 19, 20, 10, 4, 2, 15, 2, 13, 10, 9, 1, 2, 19, 17, 5, 10, 18, 6, 18, 17, 10, 3, 1, 2]"
180,-59417.0,-387.0,-14708.030000000028,-13904.0,5851.01,90081,11.11644721031189,"[2, 11, 17, 9, 14, 3, 8, 14, 13, 14, 7, 13, 11, 17, 5, 1, 9, 18, 6, 15, 6, 9, 18, 16, 8, 5, 10, 9, 13, 14, 19, 20, 10, 4, 2, 15, 2, 13, 10, 9, 1, 2, 19, 17, 5, 10, 18, 6, 18, 17, 10, 3, 1, 2]"
181,-55417.0,-387.0,-14601.540000000037,-13903.0,5779.29,90053,11.225594282150269,"[2, 11, 17, 9, 14, 3, 8, 14, 13, 14, 7, 13, 11, 17, 5, 1, 9, 18, 6, 15, 6, 9, 18, 16, 8, 5, 10, 9, 13, 14, 19, 20, 10, 4, 2, 15, 2, 13, 10, 9, 1, 2, 19, 17, 5, 10, 18, 6, 18, 17, 10, 3, 1, 2]"
182,-53921.0,-387.0,-14451.339999999967,-13900.0,5723.32,90213,11.256746292114258,"[2, 11, 17, 9, 14, 3, 8, 14, 13, 14, 7, 13, 11, 17, 5, 1, 9, 18, 6, 15, 6, 9, 18, 16, 8, 5, 10, 9, 13, 14, 19, 20, 10, 4, 2, 15, 2, 13, 10, 9, 1, 2, 19, 17, 5, 10, 18, 6, 18, 17, 10, 3, 1, 2]"
183,-64418.0,-387.0,-14279.790000000037,-13410.0,5699.36,90141,11.028668403625488,"[2, 11, 17, 9, 14, 3, 8, 14, 13, 14, 7, 13, 11, 17, 5, 1, 9, 18, 6, 15, 6, 9, 18, 16, 8, 5, 10, 9, 13, 14, 19, 20, 10, 4, 2, 15, 2, 13, 10, 9, 1, 2, 19, 17, 5, 10, 18, 6, 18, 17, 10, 3, 1, 2]"
184,-64918.0,-386.0,-14290.75,-13409.0,5730.61,90082,11.401367425918579,"[2, 11, 17, 9, 14, 5, 8, 14, 13, 14, 7, 13, 11, 17, 5, 1, 9, 18, 6, 15, 6, 9, 18, 16, 8, 10, 10, 9, 13, 14, 19, 20, 3, 4, 2, 15, 6, 17, 1, 2, 5, 18, 19, 17, 5, 10, 18, 6, 18, 17, 3, 10, 1, 2]"
185,-58920.0,-386.0,-14260.959999999963,-13408.0,5742.69,90217,11.122006177902222,"[2, 11, 17, 9, 14, 5, 8, 14, 13, 14, 7, 13, 11, 17, 5, 1, 9, 18, 6, 15, 6, 9, 18, 16, 8, 10, 10, 9, 13, 14, 19, 20, 3, 4, 2, 15, 6, 17, 1, 2, 5, 18, 19, 17, 5, 10, 18, 6, 18, 17, 3, 10, 1, 2]"
186,-64415.0,-386.0,-14164.420000000042,-13405.0,5732.03,89969,11.149912595748901,"[2, 11, 17, 9, 14, 5, 8, 14, 13, 14, 7, 13, 11, 17, 5, 1, 9, 18, 6, 15, 6, 9, 18, 16, 8, 10, 10, 9, 13, 14, 19, 20, 3, 4, 2, 15, 6, 17, 1, 2, 5, 18, 19, 17, 5, 10, 18, 6, 18, 17, 3, 10, 1, 2]"
187,-58922.0,-386.0,-14162.030000000028,-13404.0,5763.6,90277,11.23206377029419,"[2, 11, 17, 9, 14, 5, 8, 14, 13, 14, 7, 13, 11, 17, 5, 1, 9, 18, 6, 15, 6, 9, 18, 16, 8, 10, 10, 9, 13, 14, 19, 20, 3, 4, 2, 15, 6, 17, 1, 2, 5, 18, 19, 17, 5, 10, 18, 6, 18, 17, 3, 10, 1, 2]"
188,-58911.0,-386.0,-14091.069999999949,-13403.0,5731.48,90116,11.053759098052979,"[2, 11, 17, 9, 14, 5, 8, 14, 13, 14, 7, 13, 11, 17, 5, 1, 9, 18, 6, 15, 6, 9, 18, 16, 8, 10, 10, 9, 13, 14, 19, 20, 3, 4, 2, 15, 6, 17, 1, 2, 5, 18, 19, 17, 5, 10, 18, 6, 18, 17, 3, 10, 1, 2]"
189,-55421.0,-386.0,-14023.729999999981,-13401.0,5706.63,89969,11.211454391479492,"[2, 11, 17, 9, 14, 5, 8, 14, 13, 14, 7, 13, 11, 17, 5, 1, 9, 18, 6, 15, 6, 9, 18, 16, 8, 10, 10, 9, 13, 14, 19, 20, 3, 4, 2, 15, 6, 17, 1, 2, 5, 18, 19, 17, 5, 10, 18, 6, 18, 17, 3, 10, 1, 2]"
190,-62416.0,-386.0,-13922.23999999999,-13399.0,5690.15,90303,11.305127143859863,"[2, 11, 17, 9, 14, 5, 8, 14, 13, 14, 7, 13, 11, 17, 5, 1, 9, 18, 6, 15, 6, 9, 18, 16, 8, 10, 10, 9, 13, 14, 19, 20, 3, 4, 2, 15, 6, 17, 1, 2, 5, 18, 19, 17, 5, 10, 18, 6, 18, 17, 3, 10, 1, 2]"
191,-53909.0,-386.0,-13940.160000000033,-13400.0,5722.2,90092,11.033403873443604,"[2, 11, 17, 9, 14, 5, 8, 14, 13, 14, 7, 13, 11, 17, 5, 1, 9, 18, 6, 15, 6, 9, 18, 16, 8, 10, 10, 9, 13, 14, 19, 20, 3, 4, 2, 15, 6, 17, 1, 2, 5, 18, 19, 17, 5, 10, 18, 6, 18, 17, 3, 10, 1, 2]"
192,-59417.0,-386.0,-13790.76000000001,-12914.0,5644.67,90069,11.248795986175537,"[2, 11, 17, 9, 14, 5, 8, 14, 13, 14, 7, 13, 11, 17, 5, 1, 9, 18, 6, 15, 6, 9, 18, 16, 8, 10, 10, 9, 13, 14, 19, 20, 3, 4, 2, 15, 6, 17, 1, 2, 5, 18, 19, 17, 5, 10, 18, 6, 18, 17, 3, 10, 1, 2]"
193,-54423.0,-386.0,-13770.400000000023,-12908.0,5687.88,90182,11.278281211853027,"[2, 11, 17, 9, 14, 5, 8, 14, 13, 14, 7, 13, 11, 17, 5, 1, 9, 18, 6, 15, 6, 9, 18, 16, 8, 10, 10, 9, 13, 14, 19, 20, 3, 4, 2, 15, 6, 17, 1, 2, 5, 18, 19, 17, 5, 10, 18, 6, 18, 17, 3, 10, 1, 2]"
194,-51926.0,-386.0,-13655.189999999944,-12904.0,5651.7,90151,11.002570390701294,"[2, 11, 17, 9, 14, 5, 8, 14, 13, 14, 7, 13, 11, 17, 5, 1, 9, 18, 6, 15, 6, 9, 18, 16, 8, 10, 10, 9, 13, 14, 19, 20, 3, 4, 2, 15, 6, 17, 1, 2, 5, 18, 19, 17, 5, 10, 18, 6, 18, 17, 3, 10, 1, 2]"
195,-63419.0,-386.0,-13489.089999999967,-12901.0,5587.65,90346,11.19867753982544,"[2, 11, 17, 9, 14, 5, 8, 14, 13, 14, 7, 13, 11, 17, 5, 1, 9, 18, 6, 15, 6, 9, 18, 16, 8, 10, 10, 9, 13, 14, 19, 20, 3, 4, 2, 15, 6, 17, 1, 2, 5, 18, 19, 17, 5, 10, 18, 6, 18, 17, 3, 10, 1, 2]"
196,-54406.0,-386.0,-13577.51000000001,-12902.0,5662.1,90123,11.024288654327393,"[2, 11, 17, 9, 14, 5, 8, 14, 13, 14, 7, 13, 11, 17, 5, 1, 9, 18, 6, 15, 6, 9, 18, 16, 8, 10, 10, 9, 13, 14, 19, 20, 3, 4, 2, 15, 6, 17, 1, 2, 5, 18, 19, 17, 5, 10, 18, 6, 18, 17, 3, 10, 1, 2]"
197,-53915.0,-385.0,-13492.839999999967,-12901.0,5630.65,90197,11.15745496749878,"[2, 11, 17, 9, 14, 3, 13, 14, 13, 14, 7, 13, 2, 1, 5, 1, 9, 18, 6, 15, 6, 9, 18, 16, 8, 5, 10, 9, 13, 14, 19, 20, 10, 4, 2, 15, 9, 17, 1, 2, 5, 18, 19, 17, 5, 10, 18, 6, 18, 17, 3, 10, 1, 2]"
198,-57414.0,-385.0,-13364.98999999999,-12895.0,5621.91,89809,11.079041004180908,"[2, 11, 17, 9, 14, 3, 13, 14, 13, 14, 7, 13, 2, 1, 5, 1, 9, 18, 6, 15, 6, 9, 18, 16, 8, 5, 10, 9, 13, 14, 19, 20, 10, 4, 2, 15, 9, 17, 1, 2, 5, 18, 19, 17, 5, 10, 18, 6, 18, 17, 3, 10, 1, 2]"
199,-59421.0,-385.0,-13303.839999999967,-12409.0,5628.41,90232,10.939310550689697,"[2, 11, 17, 9, 14, 3, 13, 14, 13, 14, 7, 13, 2, 1, 5, 1, 9, 18, 6, 15, 6, 9, 18, 16, 8, 5, 10, 9, 13, 14, 19, 20, 10, 4, 2, 15, 9, 17, 1, 2, 5, 18, 19, 17, 5, 10, 18, 6, 18, 17, 3, 10, 1, 2]"
200,-58418.0,-385.0,-13295.819999999949,-12408.5,5641.33,89828,11.232158184051514,"[2, 11, 17, 9, 14, 3, 13, 14, 13, 14, 7, 13, 2, 1, 5, 1, 9, 18, 6, 15, 6, 9, 18, 16, 8, 5, 10, 9, 13, 14, 19, 20, 10, 4, 2, 15, 9, 17, 1, 2, 5, 18, 19, 17, 5, 10, 18, 6, 18, 17, 3, 10, 1, 2]"
201,-67915.0,-385.0,-13279.869999999995,-12407.0,5667.49,90008,11.019888639450073,"[2, 11, 17, 9, 14, 3, 13, 14, 13, 14, 7, 13, 2, 1, 5, 1, 9, 18, 6, 15, 6, 9, 18, 16, 8, 5, 10, 9, 13, 14, 19, 20, 10, 4, 2, 15, 9, 17, 1, 2, 5, 18, 19, 17, 5, 10, 18, 6, 18, 17, 3, 10, 1, 2]"
202,-59914.0,-385.0,-13396.859999999986,-12411.5,5755.74,90180,11.181713104248047,"[2, 11, 17, 9, 14, 3, 13, 14, 13, 14, 7, 13, 2, 1, 5, 1, 9, 18, 6, 15, 6, 9, 18, 16, 8, 5, 10, 9, 13, 14, 19, 20, 10, 4, 2, 15, 9, 17, 1, 2, 5, 18, 19, 17, 5, 10, 18, 6, 18, 17, 3, 10, 1, 2]"
203,-59410.0,-385.0,-13377.900000000023,-12893.0,5730.09,90112,11.160894632339478,"[2, 11, 17, 9, 14, 3, 13, 14, 13, 14, 7, 13, 2, 1, 5, 1, 9, 18, 6, 15, 6, 9, 18, 16, 8, 5, 10, 9, 13, 14, 19, 20, 10, 4, 2, 15, 9, 17, 1, 2, 5, 18, 19, 17, 5, 10, 18, 6, 18, 17, 3, 10, 1, 2]"
204,-56915.0,-385.0,-13338.869999999995,-12409.0,5719.28,90139,10.979126453399658,"[2, 11, 17, 9, 14, 3, 13, 14, 13, 14, 7, 13, 2, 1, 5, 1, 9, 18, 6, 15, 6, 9, 18, 16, 8, 5, 10, 9, 13, 14, 19, 20, 10, 4, 2, 15, 9, 17, 1, 2, 5, 18, 19, 17, 5, 10, 18, 6, 18, 17, 3, 10, 1, 2]"
205,-55914.0,-385.0,-13275.369999999995,-12406.0,5707.15,90038,11.199456453323364,"[2, 11, 17, 9, 14, 3, 13, 14, 13, 14, 7, 13, 2, 1, 5, 1, 9, 18, 6, 15, 6, 9, 18, 16, 8, 5, 10, 9, 13, 14, 19, 20, 10, 4, 2, 15, 9, 17, 1, 2, 5, 18, 19, 17, 5, 10, 18, 6, 18, 17, 3, 10, 1, 2]"
206,-58919.0,-385.0,-13217.020000000019,-12404.0,5699.53,90345,11.042097330093384,"[2, 11, 17, 9, 14, 3, 13, 14, 13, 14, 7, 13, 2, 1, 5, 1, 9, 18, 6, 15, 6, 9, 18, 16, 8, 5, 10, 9, 13, 14, 19, 20, 10, 4, 2, 15, 9, 17, 1, 2, 5, 18, 19, 17, 5, 10, 18, 6, 18, 17, 3, 10, 1, 2]"
207,-60421.0,-385.0,-13173.0,-12403.0,5670.42,89786,11.084225416183472,"[2, 11, 17, 9, 14, 3, 13, 14, 13, 14, 7, 13, 2, 1, 5, 1, 9, 18, 6, 15, 6, 9, 18, 16, 8, 5, 10, 9, 13, 14, 19, 20, 10, 4, 2, 15, 9, 17, 1, 2, 5, 18, 19, 17, 5, 10, 18, 6, 18, 17, 3, 10, 1, 2]"
208,-55924.0,-385.0,-13175.859999999986,-12403.0,5692.4,90071,11.18873929977417,"[2, 11, 17, 9, 14, 3, 13, 14, 13, 14, 7, 13, 2, 1, 5, 1, 9, 18, 6, 15, 6, 9, 18, 16, 8, 5, 10, 9, 13, 14, 19, 20, 10, 4, 2, 15, 9, 17, 1, 2, 5, 18, 19, 17, 5, 10, 18, 6, 18, 17, 3, 10, 1, 2]"
209,-61910.0,-385.0,-13118.349999999977,-12402.0,5673.57,89802,10.970381498336792,"[2, 11, 17, 9, 14, 3, 13, 14, 13, 14, 7, 13, 2, 1, 5, 1, 9, 18, 6, 15, 6, 9, 18, 16, 8, 5, 10, 9, 13, 14, 19, 20, 10, 4, 2, 15, 9, 17, 1, 2, 5, 18, 19, 17, 5, 10, 18, 6, 18, 17, 3, 10, 1, 2]"
210,-59917.0,-385.0,-13127.229999999981,-12402.0,5677.28,89861,11.014281749725342,"[2, 11, 17, 9, 14, 3, 13, 14, 13, 14, 7, 13, 2, 1, 5, 1, 9, 18, 6, 15, 6, 9, 18, 16, 8, 5, 10, 9, 13, 14, 19, 20, 10, 4, 2, 15, 9, 17, 1, 2, 5, 18, 19, 17, 5, 10, 18, 6, 18, 17, 3, 10, 1, 2]"
211,-55907.0,-385.0,-13128.099999999977,-12402.0,5654.8,90071,11.183600425720215,"[2, 11, 17, 9, 14, 3, 13, 14, 13, 14, 7, 13, 2, 1, 5, 1, 9, 18, 6, 15, 6, 9, 18, 16, 8, 5, 10, 9, 13, 14, 19, 20, 10, 4, 2, 15, 9, 17, 1, 2, 5, 18, 19, 17, 5, 10, 18, 6, 18, 17, 3, 10, 1, 2]"
212,-59911.0,-384.0,-13081.449999999953,-12401.0,5662.01,90090,11.002744913101196,"[2, 11, 17, 9, 14, 5, 13, 14, 13, 14, 7, 13, 11, 17, 5, 1, 9, 18, 6, 15, 6, 9, 18, 16, 8, 18, 10, 9, 13, 14, 19, 20, 3, 4, 2, 15, 6, 17, 10, 2, 18, 17, 19, 17, 5, 10, 18, 6, 18, 17, 3, 10, 1, 2]"
213,-66413.0,-384.0,-13068.699999999953,-12401.0,5692.74,89899,11.258254051208496,"[2, 11, 17, 9, 14, 5, 13, 14, 13, 14, 7, 13, 11, 17, 5, 1, 9, 18, 6, 15, 6, 9, 18, 16, 8, 18, 10, 9, 13, 14, 19, 20, 3, 4, 2, 15, 6, 17, 10, 2, 18, 17, 19, 17, 5, 10, 18, 6, 18, 17, 3, 10, 1, 2]"
214,-60926.0,-384.0,-13151.48999999999,-12402.0,5794.02,89995,11.09589409828186,"[2, 11, 17, 9, 14, 5, 13, 14, 13, 14, 7, 13, 11, 17, 5, 1, 9, 18, 6, 15, 6, 9, 18, 16, 8, 18, 10, 9, 13, 14, 19, 20, 3, 4, 2, 15, 6, 17, 10, 2, 18, 17, 19, 17, 5, 10, 18, 6, 18, 17, 3, 10, 1, 2]"
215,-56415.0,-384.0,-13113.310000000056,-12401.0,5750.09,90296,11.013523578643799,"[2, 11, 17, 9, 14, 5, 13, 14, 13, 14, 7, 13, 11, 17, 5, 1, 9, 18, 6, 15, 6, 9, 18, 16, 8, 18, 10, 9, 13, 14, 19, 20, 3, 4, 2, 15, 6, 17, 10, 2, 18, 17, 19, 17, 5, 10, 18, 6, 18, 17, 3, 10, 1, 2]"
216,-51916.0,-384.0,-13035.51000000001,-12399.0,5733.34,90214,11.21360969543457,"[2, 11, 17, 9, 14, 5, 13, 14, 13, 14, 7, 13, 11, 17, 5, 1, 9, 18, 6, 15, 6, 9, 18, 16, 8, 18, 10, 9, 13, 14, 19, 20, 3, 4, 2, 15, 6, 17, 10, 2, 18, 17, 19, 17, 5, 10, 18, 6, 18, 17, 3, 10, 1, 2]"
217,-55417.0,-384.0,-12918.160000000033,-12397.0,5695.64,89956,10.956589698791504,"[2, 11, 17, 9, 14, 5, 13, 14, 13, 14, 7, 13, 11, 17, 5, 1, 9, 18, 6, 15, 6, 9, 18, 16, 8, 18, 10, 9, 13, 14, 19, 20, 3, 4, 2, 15, 6, 17, 10, 2, 18, 17, 19, 17, 5, 10, 18, 6, 18, 17, 3, 10, 1, 2]"
218,-57904.0,-384.0,-12826.329999999958,-11916.0,5687.07,89987,11.129151105880737,"[2, 11, 17, 9, 14, 5, 13, 14, 13, 14, 7, 13, 11, 17, 5, 1, 9, 18, 6, 15, 6, 9, 18, 16, 8, 18, 10, 9, 13, 14, 19, 20, 3, 4, 2, 15, 6, 17, 10, 2, 18, 17, 19, 17, 5, 10, 18, 6, 18, 17, 3, 10, 1, 2]"
219,-50422.0,-384.0,-12823.969999999972,-11908.0,5710.38,90060,11.20604133605957,"[2, 11, 17, 9, 14, 5, 13, 14, 13, 14, 7, 13, 11, 17, 5, 1, 9, 18, 6, 15, 6, 9, 18, 16, 8, 18, 10, 9, 13, 14, 19, 20, 3, 4, 2, 15, 6, 17, 10, 2, 18, 17, 19, 17, 5, 10, 18, 6, 18, 17, 3, 10, 1, 2]"
220,-58414.0,-384.0,-12670.170000000042,-11904.0,5613.16,90195,10.556351661682129,"[2, 11, 17, 9, 14, 5, 13, 14, 13, 14, 7, 13, 11, 17, 5, 1, 9, 18, 6, 15, 6, 9, 18, 16, 8, 18, 10, 9, 13, 14, 19, 20, 3, 4, 2, 15, 6, 17, 10, 2, 18, 17, 19, 17, 5, 10, 18, 6, 18, 17, 3, 10, 1, 2]"
221,-62921.0,-384.0,-12673.849999999977,-11903.0,5641.83,90276,11.129014253616333,"[2, 11, 17, 9, 14, 5, 13, 14, 13, 14, 7, 13, 11, 17, 5, 1, 9, 18, 6, 15, 6, 9, 18, 16, 8, 18, 10, 9, 13, 14, 19, 20, 3, 4, 2, 15, 6, 17, 10, 2, 18, 17, 19, 17, 5, 10, 18, 6, 18, 17, 3, 10, 1, 2]"
222,-55915.0,-384.0,-12744.73999999999,-11904.0,5710.51,90008,11.013420581817627,"[2, 11, 17, 9, 14, 5, 13, 14, 13, 14, 7, 13, 11, 17, 5, 1, 9, 18, 6, 15, 6, 9, 18, 16, 8, 18, 10, 9, 13, 14, 19, 20, 3, 4, 2, 15, 6, 17, 10, 2, 18, 17, 19, 17, 5, 10, 18, 6, 18, 17, 3, 10, 1, 2]"
223,-54905.0,-384.0,-12690.329999999958,-11904.0,5677.94,90059,11.004005193710327,"[2, 11, 17, 9, 14, 5, 13, 14, 13, 14, 7, 13, 11, 17, 5, 1, 9, 18, 6, 15, 6, 9, 18, 16, 8, 18, 10, 9, 13, 14, 19, 20, 3, 4, 2, 15, 6, 17, 10, 2, 18, 17, 19, 17, 5, 10, 18, 6, 18, 17, 3, 10, 1, 2]"
224,-52917.0,-384.0,-12633.709999999963,-11902.0,5676.53,90047,11.145148754119873,"[2, 11, 17, 9, 14, 5, 13, 14, 13, 14, 7, 13, 11, 17, 5, 1, 9, 18, 6, 15, 6, 9, 18, 16, 8, 18, 10, 9, 13, 14, 19, 20, 3, 4, 2, 15, 6, 17, 10, 2, 18, 17, 19, 17, 5, 10, 18, 6, 18, 17, 3, 10, 1, 2]"
225,-58910.0,-384.0,-12543.75,-11900.0,5671.94,90071,11.033874750137329,"[2, 11, 17, 9, 14, 5, 13, 14, 13, 14, 7, 13, 11, 17, 5, 1, 9, 18, 6, 15, 6, 9, 18, 16, 8, 18, 10, 9, 13, 14, 19, 20, 3, 4, 2, 15, 6, 17, 10, 2, 18, 17, 19, 17, 5, 10, 18, 6, 18, 17, 3, 10, 1, 2]"
226,-54910.0,-384.0,-12572.0,-11900.0,5669.67,90096,10.979701042175293,"[2, 11, 17, 9, 14, 5, 13, 14, 13, 14, 7, 13, 11, 17, 5, 1, 9, 18, 6, 15, 6, 9, 18, 16, 8, 18, 10, 9, 13, 14, 19, 20, 3, 4, 2, 15, 6, 17, 10, 2, 18, 17, 19, 17, 5, 10, 18, 6, 18, 17, 3, 10, 1, 2]"
227,-58917.0,-384.0,-12523.050000000047,-11899.0,5667.94,90113,11.177898168563843,"[2, 11, 17, 9, 14, 5, 13, 14, 13, 14, 7, 13, 11, 17, 5, 1, 9, 18, 6, 15, 6, 9, 18, 16, 8, 18, 10, 9, 13, 14, 19, 20, 3, 4, 2, 15, 6, 17, 10, 2, 18, 17, 19, 17, 5, 10, 18, 6, 18, 17, 3, 10, 1, 2]"
228,-57922.0,-384.0,-12534.910000000033,-11899.0,5668.64,90125,10.967808246612549,"[2, 11, 17, 9, 14, 5, 13, 14, 13, 14, 7, 13, 11, 17, 5, 1, 9, 18, 6, 15, 6, 9, 18, 16, 8, 18, 10, 9, 13, 14, 19, 20, 3, 4, 2, 15, 6, 17, 10, 2, 18, 17, 19, 17, 5, 10, 18, 6, 18, 17, 3, 10, 1, 2]"
229,-57412.0,-384.0,-12594.410000000033,-11900.0,5702.3,90205,10.946990013122559,"[2, 11, 17, 9, 14, 5, 13, 14, 13, 14, 7, 13, 11, 17, 5, 1, 9, 18, 6, 15, 6, 9, 18, 16, 8, 18, 10, 9, 13, 14, 19, 20, 3, 4, 2, 15, 6, 17, 10, 2, 18, 17, 19, 17, 5, 10, 18, 6, 18, 17, 3, 10, 1, 2]"
230,-54423.0,-384.0,-12579.900000000023,-11900.0,5720.88,90170,11.183026552200317,"[2, 11, 17, 9, 14, 5, 13, 14, 13, 14, 7, 13, 11, 17, 5, 1, 9, 18, 6, 15, 6, 9, 18, 16, 8, 18, 10, 9, 13, 14, 19, 20, 3, 4, 2, 15, 6, 17, 10, 2, 18, 17, 19, 17, 5, 10, 18, 6, 18, 17, 3, 10, 1, 2]"
231,-55418.0,-384.0,-12509.800000000047,-11898.0,5650.61,90027,10.958935260772705,"[2, 11, 17, 9, 14, 5, 13, 14, 13, 14, 7, 13, 11, 17, 5, 1, 9, 18, 6, 15, 6, 9, 18, 16, 8, 18, 10, 9, 13, 14, 19, 20, 3, 4, 2, 15, 6, 17, 10, 2, 18, 17, 19, 17, 5, 10, 18, 6, 18, 17, 3, 10, 1, 2]"
232,-55425.0,-384.0,-12513.390000000014,-11898.0,5700.55,90148,10.860234498977661,"[2, 11, 17, 9, 14, 5, 13, 14, 13, 14, 7, 13, 11, 17, 5, 1, 9, 18, 6, 15, 6, 9, 18, 16, 8, 18, 10, 9, 13, 14, 19, 20, 3, 4, 2, 15, 6, 17, 10, 2, 18, 17, 19, 17, 5, 10, 18, 6, 18, 17, 3, 10, 1, 2]"
233,-60919.0,-384.0,-12494.050000000047,-11897.0,5702.52,90136,10.962830781936646,"[2, 11, 17, 9, 14, 5, 13, 14, 13, 14, 7, 13, 11, 17, 5, 1, 9, 18, 6, 15, 6, 9, 18, 16, 8, 18, 10, 9, 13, 14, 19, 20, 3, 4, 2, 15, 6, 17, 10, 2, 18, 17, 19, 17, 5, 10, 18, 6, 18, 17, 3, 10, 1, 2]"
234,-56913.0,-384.0,-12533.869999999995,-11898.0,5714.98,90007,11.109538793563843,"[2, 11, 17, 9, 14, 5, 13, 14, 13, 14, 7, 13, 11, 17, 5, 1, 9, 18, 6, 15, 6, 9, 18, 16, 8, 18, 10, 9, 13, 14, 19, 20, 3, 4, 2, 15, 6, 17, 10, 2, 18, 17, 19, 17, 5, 10, 18, 6, 18, 17, 3, 10, 1, 2]"
235,-55419.0,-383.0,-12491.150000000023,-11896.0,5725.69,90139,11.079830884933472,"[2, 11, 17, 9, 14, 5, 13, 14, 13, 14, 7, 13, 11, 17, 5, 1, 9, 18, 6, 15, 6, 9, 18, 16, 8, 18, 10, 9, 13, 14, 19, 20, 3, 4, 2, 15, 6, 17, 1, 10, 17, 18, 19, 17, 5, 10, 18, 6, 18, 17, 3, 4, 1, 2]"
236,-55921.0,-383.0,-12450.75,-11896.0,5732.71,89909,10.972702264785767,"[2, 11, 17, 9, 14, 5, 13, 14, 13, 14, 7, 13, 11, 17, 5, 1, 9, 18, 6, 15, 6, 9, 18, 16, 8, 18, 10, 9, 13, 14, 19, 20, 3, 4, 2, 15, 6, 17, 1, 10, 17, 18, 19, 17, 5, 10, 18, 6, 18, 17, 3, 4, 1, 2]"
237,-56417.0,-383.0,-12393.349999999977,-11412.0,5706.14,90245,11.197387456893921,"[2, 11, 17, 9, 14, 5, 13, 14, 13, 14, 7, 13, 11, 17, 5, 1, 9, 18, 6, 15, 6, 9, 18, 16, 8, 18, 10, 9, 13, 14, 19, 20, 3, 4, 2, 15, 6, 17, 1, 10, 17, 18, 19, 17, 5, 10, 18, 6, 18, 17, 3, 4, 1, 2]"
238,-51917.0,-383.0,-12368.48999999999,-11407.0,5705.99,90231,11.104980945587158,"[2, 11, 17, 9, 14, 5, 13, 14, 13, 14, 7, 13, 11, 17, 5, 1, 9, 18, 6, 15, 6, 9, 18, 16, 8, 18, 10, 9, 13, 14, 19, 20, 3, 4, 2, 15, 6, 17, 1, 10, 17, 18, 19, 17, 5, 10, 18, 6, 18, 17, 3, 4, 1, 2]"
239,-55409.0,-383.0,-12243.619999999995,-11403.0,5650.32,89985,10.91403341293335,"[2, 11, 17, 9, 14, 5, 13, 14, 13, 14, 7, 13, 11, 17, 5, 1, 9, 18, 6, 15, 6, 9, 18, 16, 8, 18, 10, 9, 13, 14, 19, 20, 3, 4, 2, 15, 6, 17, 1, 10, 17, 18, 19, 17, 5, 10, 18, 6, 18, 17, 3, 4, 1, 2]"
240,-59908.0,-383.0,-12228.599999999977,-11402.0,5667.5,90138,11.076306581497192,"[2, 11, 17, 9, 14, 5, 13, 14, 13, 14, 7, 13, 11, 17, 5, 1, 9, 18, 6, 15, 6, 9, 18, 16, 8, 18, 10, 9, 13, 14, 19, 20, 3, 4, 2, 15, 6, 17, 1, 10, 17, 18, 19, 17, 5, 10, 18, 6, 18, 17, 3, 4, 1, 2]"
241,-56920.0,-383.0,-12275.939999999944,-11402.0,5716.8,90013,11.260820388793945,"[2, 11, 17, 9, 14, 5, 13, 14, 13, 14, 7, 13, 11, 17, 5, 1, 9, 18, 6, 15, 6, 9, 18, 16, 8, 18, 10, 9, 13, 14, 19, 20, 3, 4, 2, 15, 6, 17, 1, 10, 17, 18, 19, 17, 5, 10, 18, 6, 18, 17, 3, 4, 1, 2]"
242,-54903.0,-383.0,-12300.270000000019,-11403.0,5711.47,89920,10.917648553848267,"[2, 11, 17, 9, 14, 5, 13, 14, 13, 14, 7, 13, 11, 17, 5, 1, 9, 18, 6, 15, 6, 9, 18, 16, 8, 18, 10, 9, 13, 14, 19, 20, 3, 4, 2, 15, 6, 17, 1, 10, 17, 18, 19, 17, 5, 10, 18, 6, 18, 17, 3, 4, 1, 2]"
243,-63917.0,-383.0,-12268.949999999953,-11403.0,5705.25,90176,11.205004930496216,"[2, 11, 17, 9, 14, 5, 13, 14, 13, 14, 7, 13, 11, 17, 5, 1, 9, 18, 6, 15, 6, 9, 18, 16, 8, 18, 10, 9, 13, 14, 19, 20, 3, 4, 2, 15, 6, 17, 1, 10, 17, 18, 19, 17, 5, 10, 18, 6, 18, 17, 3, 4, 1, 2]"
244,-59904.0,-383.0,-12358.300000000047,-11403.0,5803.59,90156,10.966678619384766,"[2, 11, 17, 9, 14, 5, 13, 14, 13, 14, 7, 13, 11, 17, 5, 1, 9, 18, 6, 15, 6, 9, 18, 16, 8, 18, 10, 9, 13, 14, 19, 20, 3, 4, 2, 15, 6, 17, 1, 10, 17, 18, 19, 17, 5, 10, 18, 6, 18, 17, 3, 4, 1, 2]"
245,-52419.0,-383.0,-12369.189999999944,-11404.0,5812.31,90032,11.053285360336304,"[2, 11, 17, 9, 14, 5, 13, 14, 13, 14, 7, 13, 11, 17, 5, 1, 9, 18, 6, 15, 6, 9, 18, 16, 8, 18, 10, 9, 13, 14, 19, 20, 3, 4, 2, 15, 6, 17, 1, 10, 17, 18, 19, 17, 5, 10, 18, 6, 18, 17, 3, 4, 1, 2]"
246,-52423.0,-382.0,-12248.48999999999,-11402.0,5744.75,90025,11.261281490325928,"[2, 10, 20, 9, 14, 5, 13, 14, 13, 14, 7, 13, 11, 17, 5, 1, 9, 18, 6, 15, 6, 9, 18, 16, 8, 18, 10, 9, 13, 14, 19, 20, 3, 4, 2, 15, 6, 17, 1, 10, 17, 18, 19, 17, 5, 10, 18, 6, 18, 17, 3, 4, 1, 2]"
247,-60917.0,-382.0,-12178.959999999963,-11401.0,5693.02,90207,10.981451034545898,"[2, 10, 20, 9, 14, 5, 13, 14, 13, 14, 7, 13, 11, 17, 5, 1, 9, 18, 6, 15, 6, 9, 18, 16, 8, 18, 10, 9, 13, 14, 19, 20, 3, 4, 2, 15, 6, 17, 1, 10, 17, 18, 19, 17, 5, 10, 18, 6, 18, 17, 3, 4, 1, 2]"
248,-57409.0,-382.0,-12247.5,-11402.0,5770.36,90129,11.202878475189209,"[2, 10, 20, 9, 14, 5, 13, 14, 13, 14, 7, 13, 11, 17, 5, 1, 9, 18, 6, 15, 6, 9, 18, 16, 8, 18, 10, 9, 13, 14, 19, 20, 3, 4, 2, 15, 6, 17, 1, 10, 17, 18, 19, 17, 5, 10, 18, 6, 18, 17, 3, 4, 1, 2]"
249,-59906.0,-382.0,-12248.800000000047,-11402.0,5783.61,89971,10.928697347640991,"[2, 10, 20, 9, 14, 5, 13, 14, 13, 14, 7, 13, 11, 17, 5, 1, 9, 18, 6, 15, 6, 9, 18, 16, 8, 18, 10, 9, 13, 14, 19, 20, 3, 4, 2, 15, 6, 17, 1, 10, 17, 18, 19, 17, 5, 10, 18, 6, 18, 17, 3, 4, 1, 2]"
250,-56411.0,-382.0,-12267.780000000028,-11402.0,5819.19,90186,11.075364112854004,"[2, 10, 20, 9, 14, 5, 13, 14, 13, 14, 7, 13, 11, 17, 5, 1, 9, 18, 6, 15, 6, 9, 18, 16, 8, 18, 10, 9, 13, 14, 19, 20, 3, 4, 2, 15, 6, 17, 1, 10, 17, 18, 19, 17, 5, 10, 18, 6, 18, 17, 3, 4, 1, 2]"
251,-56414.0,-382.0,-12276.839999999967,-11402.0,5818.68,90249,11.111926555633545,"[2, 10, 20, 9, 14, 5, 13, 14, 13, 14, 7, 13, 11, 17, 5, 1, 9, 18, 6, 15, 6, 9, 18, 16, 8, 18, 10, 9, 13, 14, 19, 20, 3, 4, 2, 15, 6, 17, 1, 10, 17, 18, 19, 17, 5, 10, 18, 6, 18, 17, 3, 4, 1, 2]"
252,-57408.0,-382.0,-12216.859999999986,-11400.0,5787.4,90096,10.93664288520813,"[2, 10, 20, 9, 14, 5, 13, 14, 13, 14, 7, 13, 11, 17, 5, 1, 9, 18, 6, 15, 6, 9, 18, 16, 8, 18, 10, 9, 13, 14, 19, 20, 3, 4, 2, 15, 6, 17, 1, 10, 17, 18, 19, 17, 5, 10, 18, 6, 18, 17, 3, 4, 1, 2]"
253,-53408.0,-382.0,-12217.579999999958,-11400.0,5786.15,89971,11.11050820350647,"[2, 10, 20, 9, 14, 5, 13, 14, 13, 14, 7, 13, 11, 17, 5, 1, 9, 18, 6, 15, 6, 9, 18, 16, 8, 18, 10, 9, 13, 14, 19, 20, 3, 4, 2, 15, 6, 17, 1, 10, 17, 18, 19, 17, 5, 10, 18, 6, 18, 17, 3, 4, 1, 2]"
254,-54915.0,-382.0,-12135.439999999944,-11399.0,5757.68,90140,10.86885690689087,"[2, 10, 20, 9, 14, 5, 13, 14, 13, 14, 7, 13, 11, 17, 5, 1, 9, 18, 6, 15, 6, 9, 18, 16, 8, 18, 10, 9, 13, 14, 19, 20, 3, 4, 2, 15, 6, 17, 1, 10, 17, 18, 19, 17, 5, 10, 18, 6, 18, 17, 3, 4, 1, 2]"
255,-51415.0,-382.0,-12085.900000000023,-11397.0,5766.22,90081,11.016721248626709,"[2, 10, 20, 9, 14, 5, 13, 14, 13, 14, 7, 13, 11, 17, 5, 1, 9, 18, 6, 15, 6, 9, 18, 16, 8, 18, 10, 9, 13, 14, 19, 20, 3, 4, 2, 15, 6, 17, 1, 10, 17, 18, 19, 17, 5, 10, 18, 6, 18, 17, 3, 4, 1, 2]"
256,-56424.0,-382.0,-11990.829999999958,-11394.0,5731.56,90130,11.049664497375488,"[2, 10, 20, 9, 14, 5, 13, 14, 13, 14, 7, 13, 11, 17, 5, 1, 9, 18, 6, 15, 6, 9, 18, 16, 8, 18, 10, 9, 13, 14, 19, 20, 3, 4, 2, 15, 6, 17, 1, 10, 17, 18, 19, 17, 5, 10, 18, 6, 18, 17, 3, 4, 1, 2]"
257,-59912.0,-382.0,-12006.01000000001,-11394.0,5772.13,90040,11.005354404449463,"[2, 10, 20, 9, 14, 5, 13, 14, 13, 14, 7, 13, 11, 17, 5, 1, 9, 18, 6, 15, 6, 9, 18, 16, 8, 18, 10, 9, 13, 14, 19, 20, 3, 4, 2, 15, 6, 17, 1, 10, 17, 18, 19, 17, 5, 10, 18, 6, 18, 17, 3, 4, 1, 2]"
258,-63918.0,-382.0,-12062.98999999999,-11396.0,5805.58,90050,10.993601083755493,"[2, 10, 20, 9, 14, 5, 13, 14, 13, 14, 7, 13, 11, 17, 5, 1, 9, 18, 6, 15, 6, 9, 18, 16, 8, 18, 10, 9, 13, 14, 19, 20, 3, 4, 2, 15, 6, 17, 1, 10, 17, 18, 19, 17, 5, 10, 18, 6, 18, 17, 3, 4, 1, 2]"
259,-54918.0,-382.0,-12131.359999999986,-11398.0,5830.44,90134,11.205666303634644,"[2, 10, 20, 9, 14, 5, 13, 14, 13, 14, 7, 13, 11, 17, 5, 1, 9, 18, 6, 15, 6, 9, 18, 16, 8, 18, 10, 9, 13, 14, 19, 20, 3, 4, 2, 15, 6, 17, 1, 10, 17, 18, 19, 17, 5, 10, 18, 6, 18, 17, 3, 4, 1, 2]"
260,-53405.0,-382.0,-12081.819999999949,-11397.0,5808.88,90209,10.941902160644531,"[2, 10, 20, 9, 14, 5, 13, 14, 13, 14, 7, 13, 11, 17, 5, 1, 9, 18, 6, 15, 6, 9, 18, 16, 8, 18, 10, 9, 13, 14, 19, 20, 3, 4, 2, 15, 6, 17, 1, 10, 17, 18, 19, 17, 5, 10, 18, 6, 18, 17, 3, 4, 1, 2]"
261,-56414.0,-382.0,-12030.380000000005,-11395.0,5786.88,90173,11.031381845474243,"[2, 10, 20, 9, 14, 5, 13, 14, 13, 14, 7, 13, 11, 17, 5, 1, 9, 18, 6, 15, 6, 9, 18, 16, 8, 18, 10, 9, 13, 14, 19, 20, 3, 4, 2, 15, 6, 17, 1, 10, 17, 18, 19, 17, 5, 10, 18, 6, 18, 17, 3, 4, 1, 2]"
262,-55408.0,-382.0,-12029.98999999999,-11395.0,5785.17,90141,10.988219976425171,"[2, 10, 20, 9, 14, 5, 13, 14, 13, 14, 7, 13, 11, 17, 5, 1, 9, 18, 6, 15, 6, 9, 18, 16, 8, 18, 10, 9, 13, 14, 19, 20, 3, 4, 2, 15, 6, 17, 1, 10, 17, 18, 19, 17, 5, 10, 18, 6, 18, 17, 3, 4, 1, 2]"
263,-60920.0,-382.0,-12010.920000000042,-11388.0,5795.96,90033,10.891671419143677,"[2, 10, 20, 9, 14, 5, 13, 14, 13, 14, 7, 13, 11, 17, 5, 1, 9, 18, 6, 15, 6, 9, 18, 16, 8, 18, 10, 9, 13, 14, 19, 20, 3, 4, 2, 15, 6, 17, 1, 10, 17, 18, 19, 17, 5, 10, 18, 6, 18, 17, 3, 4, 1, 2]"
264,-58402.0,-382.0,-12049.890000000014,-11395.0,5793.52,90042,11.12489938735962,"[2, 10, 20, 9, 14, 5, 13, 14, 13, 14, 7, 13, 11, 17, 5, 1, 9, 18, 6, 15, 6, 9, 18, 16, 8, 18, 10, 9, 13, 14, 19, 20, 3, 4, 2, 15, 6, 17, 1, 10, 17, 18, 19, 17, 5, 10, 18, 6, 18, 17, 3, 4, 1, 2]"
265,-53420.0,-382.0,-12062.520000000019,-11394.0,5831.0,90203,10.894734382629395,"[2, 10, 20, 9, 14, 5, 13, 14, 13, 14, 7, 13, 11, 17, 5, 1, 9, 18, 6, 15, 6, 9, 18, 16, 8, 18, 10, 9, 13, 14, 19, 20, 3, 4, 2, 15, 6, 17, 1, 10, 17, 18, 19, 17, 5, 10, 18, 6, 18, 17, 3, 4, 1, 2]"
266,-69416.0,-382.0,-11990.420000000042,-11389.5,5788.56,90237,11.15419054031372,"[2, 10, 20, 9, 14, 5, 13, 14, 13, 14, 7, 13, 11, 17, 5, 1, 9, 18, 6, 15, 6, 9, 18, 16, 8, 18, 10, 9, 13, 14, 19, 20, 3, 4, 2, 15, 6, 17, 1, 10, 17, 18, 19, 17, 5, 10, 18, 6, 18, 17, 3, 4, 1, 2]"
267,-61405.0,-382.0,-12188.670000000042,-11398.0,5907.26,89936,11.123854398727417,"[2, 10, 20, 9, 14, 5, 13, 14, 13, 14, 7, 13, 11, 17, 5, 1, 9, 18, 6, 15, 6, 9, 18, 16, 8, 18, 10, 9, 13, 14, 19, 20, 3, 4, 2, 15, 6, 17, 1, 10, 17, 18, 19, 17, 5, 10, 18, 6, 18, 17, 3, 4, 1, 2]"
268,-61412.0,-382.0,-12205.349999999977,-11399.0,5902.4,89987,10.85954475402832,"[2, 10, 20, 9, 14, 5, 13, 14, 13, 14, 7, 13, 11, 17, 5, 1, 9, 18, 6, 15, 6, 9, 18, 16, 8, 18, 10, 9, 13, 14, 19, 20, 3, 4, 2, 15, 6, 17, 1, 10, 17, 18, 19, 17, 5, 10, 18, 6, 18, 17, 3, 4, 1, 2]"
269,-53409.0,-382.0,-12227.170000000042,-11399.0,5873.58,90227,11.338512420654297,"[2, 10, 20, 9, 14, 5, 13, 14, 13, 14, 7, 13, 11, 17, 5, 1, 9, 18, 6, 15, 6, 9, 18, 16, 8, 18, 10, 9, 13, 14, 19, 20, 3, 4, 2, 15, 6, 17, 1, 10, 17, 18, 19, 17, 5, 10, 18, 6, 18, 17, 3, 4, 1, 2]"
270,-50399.0,-382.0,-12129.449999999953,-11398.0,5819.63,90193,10.851131677627563,"[2, 10, 20, 9, 14, 5, 13, 14, 13, 14, 7, 13, 11, 17, 5, 1, 9, 18, 6, 15, 6, 9, 18, 16, 8, 18, 10, 9, 13, 14, 19, 20, 3, 4, 2, 15, 6, 17, 1, 10, 17, 18, 19, 17, 5, 10, 18, 6, 18, 17, 3, 4, 1, 2]"
271,-53913.0,-382.0,-12007.770000000019,-11394.0,5731.56,90269,10.985133647918701,"[2, 10, 20, 9, 14, 5, 13, 14, 13, 14, 7, 13, 11, 17, 5, 1, 9, 18, 6, 15, 6, 9, 18, 16, 8, 18, 10, 9, 13, 14, 19, 20, 3, 4, 2, 15, 6, 17, 1, 10, 17, 18, 19, 17, 5, 10, 18, 6, 18, 17, 3, 4, 1, 2]"
272,-58414.0,-382.0,-11979.660000000033,-11392.0,5749.07,90048,10.977599859237671,"[2, 10, 20, 9, 14, 5, 13, 14, 13, 14, 7, 13, 11, 17, 5, 1, 9, 18, 6, 15, 6, 9, 18, 16, 8, 18, 10, 9, 13, 14, 19, 20, 3, 4, 2, 15, 6, 17, 1, 10, 17, 18, 19, 17, 5, 10, 18, 6, 18, 17, 3, 4, 1, 2]"
273,-64910.0,-382.0,-12026.650000000023,-11394.0,5774.78,90066,10.888761043548584,"[2, 10, 20, 9, 14, 5, 13, 14, 13, 14, 7, 13, 11, 17, 5, 1, 9, 18, 6, 15, 6, 9, 18, 16, 8, 18, 10, 9, 13, 14, 19, 20, 3, 4, 2, 15, 6, 17, 1, 10, 17, 18, 19, 17, 5, 10, 18, 6, 18, 17, 3, 4, 1, 2]"
274,-59914.0,-382.0,-12146.790000000037,-11397.0,5855.4,90134,11.276335000991821,"[2, 10, 20, 9, 14, 5, 13, 14, 13, 14, 7, 13, 11, 17, 5, 1, 9, 18, 6, 15, 6, 9, 18, 16, 8, 18, 10, 9, 13, 14, 19, 20, 3, 4, 2, 15, 6, 17, 1, 10, 17, 18, 19, 17, 5, 10, 18, 6, 18, 17, 3, 4, 1, 2]"
275,-61422.0,-382.0,-12139.880000000005,-11397.0,5847.8,90216,10.876117944717407,"[2, 10, 20, 9, 14, 5, 13, 14, 13, 14, 7, 13, 11, 17, 5, 1, 9, 18, 6, 15, 6, 9, 18, 16, 8, 18, 10, 9, 13, 14, 19, 20, 3, 4, 2, 15, 6, 17, 1, 10, 17, 18, 19, 17, 5, 10, 18, 6, 18, 17, 3, 4, 1, 2]"
276,-58919.0,-382.0,-12177.280000000028,-11398.0,5878.76,89973,10.991276979446411,"[2, 10, 20, 9, 14, 5, 13, 14, 13, 14, 7, 13, 11, 17, 5, 1, 9, 18, 6, 15, 6, 9, 18, 16, 8, 18, 10, 9, 13, 14, 19, 20, 3, 4, 2, 15, 6, 17, 1, 10, 17, 18, 19, 17, 5, 10, 18, 6, 18, 17, 3, 4, 1, 2]"
277,-66415.0,-382.0,-12167.640000000014,-11398.0,5866.89,89982,10.985477209091187,"[2, 10, 20, 9, 14, 5, 13, 14, 13, 14, 7, 13, 11, 17, 5, 1, 9, 18, 6, 15, 6, 9, 18, 16, 8, 18, 10, 9, 13, 14, 19, 20, 3, 4, 2, 15, 6, 17, 1, 10, 17, 18, 19, 17, 5, 10, 18, 6, 18, 17, 3, 4, 1, 2]"
278,-54410.0,-382.0,-12262.770000000019,-11400.0,5894.27,90174,11.142577886581421,"[2, 10, 20, 9, 14, 5, 13, 14, 13, 14, 7, 13, 11, 17, 5, 1, 9, 18, 6, 15, 6, 9, 18, 16, 8, 18, 10, 9, 13, 14, 19, 20, 3, 4, 2, 15, 6, 17, 1, 10, 17, 18, 19, 17, 5, 10, 18, 6, 18, 17, 3, 4, 1, 2]"
279,-59411.0,-382.0,-12187.849999999977,-11398.0,5845.52,90077,11.01259708404541,"[2, 10, 20, 9, 14, 5, 13, 14, 13, 14, 7, 13, 11, 17, 5, 1, 9, 18, 6, 15, 6, 9, 18, 16, 8, 18, 10, 9, 13, 14, 19, 20, 3, 4, 2, 15, 6, 17, 1, 10, 17, 18, 19, 17, 5, 10, 18, 6, 18, 17, 3, 4, 1, 2]"
280,-59408.0,-382.0,-12177.800000000047,-11398.0,5840.53,90150,11.032434940338135,"[2, 10, 20, 9, 14, 5, 13, 14, 13, 14, 7, 13, 11, 17, 5, 1, 9, 18, 6, 15, 6, 9, 18, 16, 8, 18, 10, 9, 13, 14, 19, 20, 3, 4, 2, 15, 6, 17, 1, 10, 17, 18, 19, 17, 5, 10, 18, 6, 18, 17, 3, 4, 1, 2]"
281,-61418.0,-382.0,-12224.430000000051,-11399.0,5864.19,90327,10.901645421981812,"[2, 10, 20, 9, 14, 5, 13, 14, 13, 14, 7, 13, 11, 17, 5, 1, 9, 18, 6, 15, 6, 9, 18, 16, 8, 18, 10, 9, 13, 14, 19, 20, 3, 4, 2, 15, 6, 17, 1, 10, 17, 18, 19, 17, 5, 10, 18, 6, 18, 17, 3, 4, 1, 2]"
282,-57916.0,-382.0,-12245.550000000047,-11399.0,5897.12,90043,10.957347631454468,"[2, 10, 20, 9, 14, 5, 13, 14, 13, 14, 7, 13, 11, 17, 5, 1, 9, 18, 6, 15, 6, 9, 18, 16, 8, 18, 10, 9, 13, 14, 19, 20, 3, 4, 2, 15, 6, 17, 1, 10, 17, 18, 19, 17, 5, 10, 18, 6, 18, 17, 3, 4, 1, 2]"
283,-59924.0,-382.0,-12229.270000000019,-11399.0,5877.93,90195,10.974520206451416,"[2, 10, 20, 9, 14, 5, 13, 14, 13, 14, 7, 13, 11, 17, 5, 1, 9, 18, 6, 15, 6, 9, 18, 16, 8, 18, 10, 9, 13, 14, 19, 20, 3, 4, 2, 15, 6, 17, 1, 10, 17, 18, 19, 17, 5, 10, 18, 6, 18, 17, 3, 4, 1, 2]"
284,-53421.0,-382.0,-12238.369999999995,-11399.0,5879.64,90088,10.944823503494263,"[2, 10, 20, 9, 14, 5, 13, 14, 13, 14, 7, 13, 11, 17, 5, 1, 9, 18, 6, 15, 6, 9, 18, 16, 8, 18, 10, 9, 13, 14, 19, 20, 3, 4, 2, 15, 6, 17, 1, 10, 17, 18, 19, 17, 5, 10, 18, 6, 18, 17, 3, 4, 1, 2]"
285,-57417.0,-382.0,-12170.410000000033,-11398.0,5824.14,90088,11.091477155685425,"[2, 10, 20, 9, 14, 5, 13, 14, 13, 14, 7, 13, 11, 17, 5, 1, 9, 18, 6, 15, 6, 9, 18, 16, 8, 18, 10, 9, 13, 14, 19, 20, 3, 4, 2, 15, 6, 17, 1, 10, 17, 18, 19, 17, 5, 10, 18, 6, 18, 17, 3, 4, 1, 2]"
286,-56423.0,-382.0,-12193.339999999967,-11398.0,5858.26,90178,10.910822629928589,"[2, 10, 20, 9, 14, 5, 13, 14, 13, 14, 7, 13, 11, 17, 5, 1, 9, 18, 6, 15, 6, 9, 18, 16, 8, 18, 10, 9, 13, 14, 19, 20, 3, 4, 2, 15, 6, 17, 1, 10, 17, 18, 19, 17, 5, 10, 18, 6, 18, 17, 3, 4, 1, 2]"
287,-61424.0,-382.0,-12180.300000000047,-11398.0,5841.7,90228,11.031332969665527,"[2, 10, 20, 9, 14, 5, 13, 14, 13, 14, 7, 13, 11, 17, 5, 1, 9, 18, 6, 15, 6, 9, 18, 16, 8, 18, 10, 9, 13, 14, 19, 20, 3, 4, 2, 15, 6, 17, 1, 10, 17, 18, 19, 17, 5, 10, 18, 6, 18, 17, 3, 4, 1, 2]"
288,-59414.0,-382.0,-12218.790000000037,-11399.0,5875.21,90020,10.942986011505127,"[2, 10, 20, 9, 14, 5, 13, 14, 13, 14, 7, 13, 11, 17, 5, 1, 9, 18, 6, 15, 6, 9, 18, 16, 8, 18, 10, 9, 13, 14, 19, 20, 3, 4, 2, 15, 6, 17, 1, 10, 17, 18, 19, 17, 5, 10, 18, 6, 18, 17, 3, 4, 1, 2]"
289,-55419.0,-382.0,-12242.76000000001,-11399.0,5878.42,90281,11.049519062042236,"[2, 10, 20, 9, 14, 5, 13, 14, 13, 14, 7, 13, 11, 17, 5, 1, 9, 18, 6, 15, 6, 9, 18, 16, 8, 18, 10, 9, 13, 14, 19, 20, 3, 4, 2, 15, 6, 17, 1, 10, 17, 18, 19, 17, 5, 10, 18, 6, 18, 17, 3, 4, 1, 2]"
290,-63414.0,-382.0,-12191.640000000014,-11398.0,5860.31,89974,11.021754264831543,"[2, 10, 20, 9, 14, 5, 13, 14, 13, 14, 7, 13, 11, 17, 5, 1, 9, 18, 6, 15, 6, 9, 18, 16, 8, 18, 10, 9, 13, 14, 19, 20, 3, 4, 2, 15, 6, 17, 1, 10, 17, 18, 19, 17, 5, 10, 18, 6, 18, 17, 3, 4, 1, 2]"
291,-56915.0,-382.0,-12264.969999999972,-11400.0,5858.85,90131,10.857372045516968,"[2, 10, 20, 9, 14, 5, 13, 14, 13, 14, 7, 13, 11, 17, 5, 1, 9, 18, 6, 15, 6, 9, 18, 16, 8, 18, 10, 9, 13, 14, 19, 20, 3, 4, 2, 15, 6, 17, 1, 10, 17, 18, 19, 17, 5, 10, 18, 6, 18, 17, 3, 4, 1, 2]"
292,-58913.0,-382.0,-12256.01000000001,-11400.0,5875.4,90372,11.077706336975098,"[2, 10, 20, 9, 14, 5, 13, 14, 13, 14, 7, 13, 11, 17, 5, 1, 9, 18, 6, 15, 6, 9, 18, 16, 8, 18, 10, 9, 13, 14, 19, 20, 3, 4, 2, 15, 6, 17, 1, 10, 17, 18, 19, 17, 5, 10, 18, 6, 18, 17, 3, 4, 1, 2]"
293,-57423.0,-382.0,-12252.819999999949,-11400.0,5871.45,89968,11.08588433265686,"[2, 10, 20, 9, 14, 5, 13, 14, 13, 14, 7, 13, 11, 17, 5, 1, 9, 18, 6, 15, 6, 9, 18, 16, 8, 18, 10, 9, 13, 14, 19, 20, 3, 4, 2, 15, 6, 17, 1, 10, 17, 18, 19, 17, 5, 10, 18, 6, 18, 17, 3, 4, 1, 2]"
294,-62408.0,-382.0,-12219.25,-11399.0,5859.69,89955,10.893935441970825,"[2, 10, 20, 9, 14, 5, 13, 14, 13, 14, 7, 13, 11, 17, 5, 1, 9, 18, 6, 15, 6, 9, 18, 16, 8, 18, 10, 9, 13, 14, 19, 20, 3, 4, 2, 15, 6, 17, 1, 10, 17, 18, 19, 17, 5, 10, 18, 6, 18, 17, 3, 4, 1, 2]"
295,-61915.0,-382.0,-12271.839999999967,-11400.0,5855.96,89910,11.003610372543335,"[2, 10, 20, 9, 14, 5, 13, 14, 13, 14, 7, 13, 11, 17, 5, 1, 9, 18, 6, 15, 6, 9, 18, 16, 8, 18, 10, 9, 13, 14, 19, 20, 3, 4, 2, 15, 6, 17, 1, 10, 17, 18, 19, 17, 5, 10, 18, 6, 18, 17, 3, 4, 1, 2]"
296,-61411.0,-382.0,-12306.060000000056,-11400.5,5897.5,90259,11.027906656265259,"[2, 10, 20, 9, 14, 5, 13, 14, 13, 14, 7, 13, 11, 17, 5, 1, 9, 18, 6, 15, 6, 9, 18, 16, 8, 18, 10, 9, 13, 14, 19, 20, 3, 4, 2, 15, 6, 17, 1, 10, 17, 18, 19, 17, 5, 10, 18, 6, 18, 17, 3, 4, 1, 2]"
297,-53923.0,-382.0,-12343.810000000056,-11401.0,5909.61,89877,10.903558015823364,"[2, 10, 20, 9, 14, 5, 13, 14, 13, 14, 7, 13, 11, 17, 5, 1, 9, 18, 6, 15, 6, 9, 18, 16, 8, 18, 10, 9, 13, 14, 19, 20, 3, 4, 2, 15, 6, 17, 1, 10, 17, 18, 19, 17, 5, 10, 18, 6, 18, 17, 3, 4, 1, 2]"
298,-58913.0,-382.0,-12254.469999999972,-11400.0,5837.48,90282,11.091404438018799,"[2, 10, 20, 9, 14, 5, 13, 14, 13, 14, 7, 13, 11, 17, 5, 1, 9, 18, 6, 15, 6, 9, 18, 16, 8, 18, 10, 9, 13, 14, 19, 20, 3, 4, 2, 15, 6, 17, 1, 10, 17, 18, 19, 17, 5, 10, 18, 6, 18, 17, 3, 4, 1, 2]"
299,-57407.0,-382.0,-12267.160000000033,-11401.0,5837.17,90192,10.983150005340576,"[2, 10, 20, 9, 14, 5, 13, 14, 13, 14, 7, 13, 11, 17, 5, 1, 9, 18, 6, 15, 6, 9, 18, 16, 8, 18, 10, 9, 13, 14, 19, 20, 3, 4, 2, 15, 6, 17, 1, 10, 17, 18, 19, 17, 5, 10, 18, 6, 18, 17, 3, 4, 1, 2]"
